Name,Olivia,Emma,Ava,Charlotte,Sophia,Amelia,Isabella,Mia,Evelyn,Harper,Camila,Gianna,Abigail,Luna,Ella,Elizabeth,Sofia,Emily,Avery,Mila,Scarlett,Eleanor,Madison,Layla,Penelope,Aria,Chloe,Grace,Ellie,Nora,Hazel,Zoey,Riley,Victoria,Lily,Aurora,Violet,Nova,Hannah,Emilia,Zoe,Stella,Everly,Isla,Leah,Lillian,Addison,Willow,Lucy,Paisley,Natalie,Naomi,Eliana,Brooklyn,Elena,Aubrey,Claire,Ivy,Kinsley,Audrey,Maya,Genesis,Skylar,Bella,Aaliyah,Madelyn,Savannah,Anna,Delilah,Serenity,Caroline,Kennedy,Valentina,Ruby,Sophie,Alice,Gabriella,Sadie,Ariana,Allison,Hailey,Autumn,Nevaeh,Natalia,Quinn,Josephine,Sarah,Cora,Emery,Samantha,Piper,Leilani,Eva,Everleigh,Madeline,Lydia,Jade,Peyton,Brielle,Adeline,Vivian,Rylee,Clara,Raelynn,Melanie,Melody,Julia,Athena,Maria,Liliana,Hadley,Arya,Rose,Reagan,Eliza,Adalynn,Kaylee,Lyla,Mackenzie,Alaia,Isabelle,Charlie,Arianna,Mary,Remi,Margaret,Iris,Parker,Ximena,Eden,Ayla,Kylie,Elliana,Josie,Katherine,Faith,Alexandra,Eloise,Adalyn,Amaya,Jasmine,Amara,Daisy,Reese,Valerie,Brianna,Cecilia,Andrea,Summer,Valeria,Norah,Ariella,Esther,Ashley,Emerson,Aubree,Isabel,Anastasia,Ryleigh,Khloe,Taylor,Londyn,Lucia,Emersyn,Callie,Sienna,Blakely,Kehlani,Genevieve
Liam,2,7,10,10,3,4,2,9,3,6,4,2,6,2,5,2,5,10,4,7,6,5,10,9,7,4,4,4,8,5,6,2,9,1,6,2,6,9,5,5,3,6,4,2,8,10,7,3,7,2,10,8,3,5,1,8,7,10,9,6,6,4,3,7,10,5,1,7,3,9,3,4,5,8,5,2,8,2,1,4,4,2,9,2,6,7,8,2,9,1,2,2,8,7,1,9,1,2,6,9,4,2,10,6,8,7,5,4,4,10,5,5,4,7,1,7,4,3,1,1,6,5,10,9,6,10,5,10,5,6,4,10,9,5,7,4,3,9,9,8,1,9,3,10,3,4,1,5,2,1,1,9,3,8,1,7,3,7,4,8,8,9,6,1,5,8,8,7,4
Noah,3,7,8,10,9,8,1,2,3,4,7,2,1,1,5,3,4,2,7,9,7,7,10,7,10,1,8,7,5,8,2,9,3,2,9,9,2,8,1,4,2,6,7,8,1,5,3,3,2,3,1,1,6,10,1,5,8,8,6,1,4,9,9,7,9,2,5,10,7,5,9,1,3,3,2,4,6,6,4,5,10,4,10,10,1,9,8,5,7,7,4,9,1,3,5,8,6,7,2,8,4,9,3,1,7,10,1,8,5,7,4,2,4,7,5,7,4,5,1,2,5,2,4,2,2,4,9,4,10,6,3,8,9,8,8,8,3,2,1,2,7,2,2,2,3,7,9,3,2,5,3,7,1,10,9,6,3,10,5,4,4,5,8,5,1,7,6,10,5
Oliver,7,3,7,8,5,9,5,5,3,7,6,3,3,3,8,3,7,4,1,1,5,1,6,9,5,8,9,9,5,7,6,6,8,8,4,1,7,4,4,3,4,5,2,9,1,10,4,7,2,1,5,9,3,5,7,10,2,3,9,9,6,1,5,7,2,2,8,3,5,10,5,1,5,10,3,2,3,2,5,9,5,8,1,2,7,5,6,10,3,3,3,4,2,1,8,10,9,6,7,10,5,1,8,6,4,4,10,5,8,3,7,8,7,10,3,6,5,9,1,8,10,3,2,3,2,4,9,3,4,1,7,5,2,10,1,7,9,5,7,4,9,2,1,2,10,5,4,3,5,2,8,4,1,1,10,3,7,8,10,8,9,8,1,9,8,8,2,9,5
Elijah,1,2,2,2,3,2,10,5,8,7,10,4,9,5,2,2,5,4,7,4,5,5,3,7,8,1,5,10,5,9,4,8,8,5,1,1,10,2,9,3,9,3,6,6,6,10,4,3,5,4,1,3,5,8,5,8,8,2,1,8,9,7,2,10,6,10,2,9,2,8,9,10,8,5,5,2,3,4,8,4,2,2,4,5,10,7,2,6,10,1,9,4,1,7,4,3,4,7,9,10,1,6,1,2,3,4,5,9,5,4,1,5,9,6,10,1,9,4,8,1,6,6,3,2,6,1,10,8,5,1,3,10,7,4,4,7,7,8,4,3,5,7,8,3,2,5,5,4,5,8,8,1,3,3,1,3,2,6,9,4,5,2,2,8,3,4,2,6,8
William,9,4,7,9,4,1,1,9,2,6,1,5,6,5,10,9,9,5,7,7,3,6,4,2,9,7,7,1,4,6,10,3,1,4,3,8,5,1,1,5,9,3,10,1,10,7,2,4,8,6,6,9,2,4,1,3,3,4,8,10,9,6,1,6,10,8,1,10,1,3,1,7,9,6,1,6,6,3,9,8,5,5,10,4,9,5,8,6,7,10,10,5,9,2,10,5,1,10,3,5,9,6,5,10,4,3,8,6,8,4,8,9,5,6,6,1,4,8,1,4,6,4,6,2,2,1,9,7,3,8,3,9,8,8,1,2,5,5,2,1,7,6,4,9,2,5,9,5,9,1,2,3,5,5,5,3,10,3,7,1,9,5,9,8,2,1,5,4,10
James,7,2,7,10,10,4,5,7,3,4,9,1,7,1,1,2,6,8,5,8,10,7,9,9,2,10,4,10,7,10,3,4,9,4,10,5,8,7,1,5,8,8,10,4,9,7,8,5,7,3,7,6,3,3,6,9,7,9,1,6,3,2,7,10,6,7,2,2,7,7,2,2,4,8,3,8,2,10,6,8,9,5,8,4,1,8,10,5,6,1,4,10,8,3,6,3,8,2,6,8,9,3,7,7,10,1,5,1,7,5,3,6,9,5,3,7,7,10,5,10,9,5,4,4,2,7,4,3,4,6,5,1,7,9,6,4,7,1,10,4,4,7,7,7,5,4,3,2,7,8,5,6,4,4,8,3,1,7,1,8,3,5,2,7,3,3,8,6,1
Benjamin,2,3,1,4,6,9,1,10,4,3,4,10,2,6,3,8,7,10,6,1,5,7,2,5,1,2,1,7,5,7,2,4,10,10,5,5,8,3,6,5,7,6,5,6,4,9,8,8,3,4,2,3,7,1,2,9,6,5,10,10,4,5,4,4,2,2,2,6,6,7,2,1,1,5,3,8,8,6,8,2,5,5,5,5,7,1,2,8,10,5,4,9,9,1,1,8,10,5,1,6,4,2,10,8,6,5,1,6,7,5,8,3,10,4,7,5,7,6,8,3,3,5,2,3,3,8,4,10,9,8,3,1,5,5,1,4,3,4,10,10,1,4,8,4,8,4,5,10,4,5,3,9,1,9,10,8,10,5,3,2,7,1,1,9,10,8,3,10,2
Lucas,7,1,2,8,6,4,7,4,7,1,2,10,5,8,3,7,8,8,6,1,5,2,2,2,5,3,3,9,10,5,3,3,8,3,10,10,1,2,4,4,9,10,4,4,6,8,6,10,5,9,2,7,8,10,8,2,4,2,9,4,5,2,8,5,2,1,8,1,2,8,10,4,4,3,1,5,2,9,7,4,3,2,2,6,8,7,6,6,5,10,5,10,3,5,8,3,10,7,2,8,6,10,8,8,6,9,1,2,7,4,4,1,2,6,2,3,2,6,6,5,9,2,3,2,8,2,9,1,6,7,8,10,1,2,5,1,9,7,3,5,3,5,10,7,1,2,10,8,4,7,2,2,4,7,9,5,6,6,10,7,6,5,5,5,9,5,10,2,9
Henry,2,5,9,10,4,9,2,5,6,9,6,9,1,6,4,2,9,1,5,4,2,2,1,5,5,1,2,9,1,1,2,3,3,3,2,4,10,6,9,5,4,10,8,9,10,8,1,9,4,8,3,8,5,1,9,7,4,1,4,8,9,2,1,4,2,10,1,4,7,7,1,7,5,4,1,1,9,5,9,3,7,10,5,1,10,8,6,2,10,1,4,3,6,8,6,8,2,1,9,2,6,5,9,3,5,7,4,10,9,3,10,9,3,3,10,6,7,1,4,6,2,3,6,3,10,5,3,6,8,1,9,1,10,3,1,9,8,9,8,3,2,1,6,5,10,2,5,1,9,2,3,5,8,8,4,8,9,2,9,2,1,5,2,4,5,3,9,8,1
Alexander,6,6,8,9,10,6,3,9,3,7,6,3,3,1,10,10,1,3,10,9,9,3,10,10,4,1,1,5,3,3,5,8,10,3,5,6,10,8,6,10,5,7,7,2,7,8,7,10,6,5,3,10,6,9,1,3,5,2,3,7,2,10,8,3,9,4,3,7,1,2,8,9,6,9,4,2,6,10,1,2,8,2,4,5,7,8,3,4,10,10,2,1,9,8,7,6,4,9,5,6,8,10,5,7,1,5,8,3,3,6,10,2,4,2,5,6,9,9,5,2,1,3,8,2,8,3,3,2,5,2,10,10,7,10,7,8,1,3,1,9,6,2,6,6,1,5,6,6,7,9,6,6,2,9,10,3,7,6,2,1,6,5,2,1,2,1,2,10,3
Mason,8,1,10,1,4,4,2,2,1,1,10,8,8,7,2,2,7,4,5,6,8,2,10,1,6,4,6,10,4,8,9,2,8,2,5,3,8,8,4,3,7,10,5,7,5,5,4,1,3,1,4,7,9,5,8,9,5,3,7,4,4,3,8,3,6,5,6,9,4,6,10,4,5,9,6,1,6,10,7,7,10,7,5,9,8,1,2,6,10,3,9,10,1,7,10,2,5,5,3,9,3,5,1,5,3,6,6,3,1,4,2,5,5,7,3,10,6,10,1,3,1,5,8,5,9,9,4,10,3,4,5,5,1,9,9,6,1,5,8,3,5,10,6,7,1,8,5,9,8,2,2,6,6,5,2,6,5,9,5,5,2,10,6,4,6,7,2,4,2
Michael,8,5,2,1,5,9,10,6,7,10,9,2,9,3,10,4,1,4,1,3,8,2,8,1,6,1,5,1,5,8,5,4,4,2,9,8,10,2,9,9,3,1,9,5,10,6,5,5,1,1,10,6,6,4,1,7,7,7,5,3,4,5,10,9,10,1,6,9,4,3,1,7,10,9,8,5,5,1,6,8,6,5,4,6,7,6,1,6,3,10,4,8,8,5,8,2,8,9,3,5,2,6,7,10,7,7,5,4,9,4,7,9,4,4,1,4,1,6,8,9,3,6,5,10,3,10,1,2,6,1,8,3,1,6,1,9,2,4,8,9,8,1,1,8,4,5,6,2,1,8,7,8,2,1,8,3,10,1,1,3,3,7,9,1,4,6,5,4,10
Ethan,1,10,9,8,7,6,3,10,10,1,3,5,6,4,2,5,10,2,6,4,7,5,1,5,4,8,7,4,6,5,8,4,2,6,2,2,7,6,9,6,4,3,10,7,6,5,9,9,10,7,3,4,10,6,7,9,9,10,8,9,9,5,6,9,1,7,10,8,2,7,2,7,7,7,5,5,10,2,8,9,3,4,4,4,2,9,9,6,3,8,2,6,2,1,4,4,6,3,10,3,2,1,1,2,5,4,7,1,8,2,4,1,1,1,5,4,8,10,1,6,6,10,8,8,3,9,3,8,5,4,6,8,5,10,5,7,5,10,1,8,8,6,9,5,4,5,1,7,5,10,8,2,6,5,8,9,7,3,3,5,5,1,1,1,2,10,8,7,2
Daniel,10,2,10,6,10,8,9,4,8,1,2,1,1,8,9,2,1,3,7,9,5,4,9,1,5,3,3,2,9,4,3,1,1,9,10,8,7,5,10,4,9,5,6,6,5,6,1,2,7,6,7,5,6,7,7,4,4,10,9,7,8,4,5,6,8,4,1,1,3,2,2,5,10,4,2,1,6,1,6,1,3,9,6,5,9,3,4,1,6,10,8,8,6,6,6,1,1,6,9,6,2,8,5,8,2,9,9,7,3,8,2,1,2,1,7,5,6,10,7,8,1,10,1,3,4,8,9,8,10,3,2,8,10,5,10,8,10,1,3,8,3,4,2,10,4,1,7,7,8,10,10,4,2,6,2,4,9,6,7,2,9,3,9,4,5,2,7,2,6
Jacob,8,5,8,2,5,9,4,2,3,9,2,5,4,3,1,4,8,8,9,3,8,10,4,8,3,9,9,6,10,3,1,9,2,3,6,6,4,10,1,1,4,3,1,5,4,10,3,1,9,1,9,1,7,8,4,9,1,4,9,3,10,10,4,2,5,8,7,4,6,10,2,9,9,6,1,4,9,8,8,6,9,4,9,3,10,9,8,6,10,3,10,3,4,5,9,5,4,9,9,9,8,8,8,2,6,1,2,5,3,9,10,2,7,3,8,3,1,4,1,10,5,7,6,4,9,10,7,8,9,6,10,6,3,1,10,8,5,9,4,9,4,1,1,6,5,8,4,5,9,3,7,4,9,3,7,5,10,8,10,1,7,4,7,10,3,10,2,1,2
Logan,1,4,6,9,6,1,1,6,8,5,10,9,1,4,3,2,9,6,9,5,6,2,4,6,8,1,1,2,10,6,10,7,7,7,6,2,8,3,3,5,7,6,9,2,9,7,10,4,4,4,1,5,9,5,2,8,4,2,4,3,3,6,3,8,6,10,6,7,7,4,5,8,8,9,4,3,2,5,3,8,2,4,7,6,5,2,3,9,1,4,10,4,8,6,7,8,7,10,6,9,5,5,8,6,10,3,4,8,5,5,9,5,1,9,10,3,7,9,2,5,4,9,2,3,2,6,3,6,8,9,6,7,4,6,4,4,8,9,10,6,8,10,10,2,4,5,3,3,5,9,3,5,3,6,7,2,8,3,8,8,5,7,5,10,9,8,8,6,5
Jackson,2,4,7,2,2,9,2,1,4,4,8,1,3,5,7,4,3,7,1,5,10,5,9,1,3,3,7,2,2,6,6,4,9,9,10,5,2,1,6,4,1,5,3,4,4,6,6,3,1,5,1,4,7,5,8,8,5,6,8,3,5,9,1,2,8,2,2,8,9,10,7,6,8,10,5,1,2,9,6,10,5,10,7,8,3,8,10,1,3,6,1,10,4,1,6,5,9,4,5,2,3,6,2,2,8,10,2,8,4,6,3,3,4,1,7,2,5,2,9,10,1,4,6,8,8,3,2,6,8,1,9,10,5,7,8,5,6,7,4,10,7,3,10,9,8,10,9,10,7,10,5,3,10,10,8,1,6,3,10,5,7,7,4,7,5,5,1,1,9
Levi,1,8,1,8,10,5,8,9,7,7,2,8,4,5,6,1,10,8,6,10,10,8,10,8,3,5,7,2,1,3,10,10,10,2,8,6,2,8,7,7,1,1,5,2,8,1,3,10,7,7,9,10,6,7,5,9,1,6,2,5,10,8,7,4,1,3,9,8,10,2,9,10,8,9,1,10,5,3,2,1,1,2,9,10,8,5,7,8,8,4,6,6,5,1,3,4,4,3,6,8,3,6,6,7,5,10,10,9,9,3,4,4,6,3,6,1,2,1,10,7,1,5,1,4,9,9,3,6,6,6,7,10,8,10,2,5,2,9,10,5,1,5,7,7,6,9,9,10,10,10,8,7,7,8,5,3,8,3,9,2,4,1,7,4,6,9,6,1,6
Sebastian,10,8,5,5,7,9,2,1,5,1,10,2,6,2,3,10,3,3,7,2,5,3,8,9,10,5,8,8,10,7,10,6,8,7,7,4,7,8,2,6,8,10,6,4,10,5,7,1,5,10,9,2,8,6,10,4,4,8,8,3,2,2,9,4,9,9,5,2,9,4,10,1,9,8,5,8,10,9,8,4,6,2,4,6,2,2,8,8,7,2,3,4,10,4,1,3,1,4,10,5,10,8,5,2,10,1,6,10,7,4,7,2,3,5,9,1,10,10,5,1,10,9,7,2,7,5,2,8,2,8,4,5,6,1,3,5,4,3,2,3,3,5,7,7,8,9,4,10,9,2,3,6,3,5,1,2,5,4,9,9,5,3,6,4,4,10,3,8,9
Mateo,1,2,2,6,6,6,6,8,5,7,9,4,7,2,7,6,2,9,1,7,2,5,7,9,7,4,4,8,4,10,7,10,1,8,8,1,2,10,8,6,7,2,4,4,7,10,6,8,8,2,4,5,7,8,3,9,5,4,3,8,6,1,8,7,3,1,7,7,2,8,2,6,7,3,10,5,6,8,10,10,6,4,4,1,2,4,3,9,9,8,10,5,6,4,1,9,2,7,9,6,10,8,9,7,2,9,1,10,7,8,1,10,5,4,2,9,5,4,5,2,5,6,9,9,3,4,5,6,3,8,9,4,6,3,4,10,5,4,2,1,6,2,7,6,6,5,3,4,10,10,4,8,9,8,7,7,7,10,6,8,10,10,3,5,6,2,2,1,7
Jack,10,10,7,10,10,2,6,6,1,9,1,5,3,1,10,2,8,9,2,8,8,4,7,4,7,4,6,5,6,3,3,5,7,4,3,3,1,2,5,7,3,4,9,10,10,6,1,10,2,8,5,10,10,10,5,4,7,8,3,4,4,1,3,9,8,10,1,9,3,9,2,9,3,3,2,6,9,6,3,10,8,4,10,2,2,9,8,8,4,8,7,5,3,10,8,10,7,2,3,5,1,8,10,9,2,3,4,1,6,1,1,10,2,9,4,6,5,3,4,7,1,3,10,9,10,4,5,7,9,8,8,5,9,8,1,3,5,10,6,3,1,3,7,10,4,9,3,2,3,1,4,10,3,4,8,10,9,1,9,8,6,8,7,5,3,7,9,7,8
Owen,8,1,8,6,8,8,7,4,4,9,7,4,2,9,8,5,3,1,9,10,2,6,7,8,4,10,2,1,2,1,9,3,1,7,9,1,1,10,1,3,7,3,3,10,10,10,6,3,10,8,10,5,7,8,1,6,6,7,10,8,4,3,9,2,10,8,5,3,5,2,1,3,9,7,10,3,10,10,8,6,2,3,10,9,10,10,5,9,4,4,8,7,8,3,1,4,10,7,1,1,4,10,1,4,10,4,5,5,8,9,8,8,3,7,5,4,10,3,10,10,10,8,7,4,9,5,10,5,8,1,6,3,7,1,9,4,5,2,4,4,9,6,1,1,9,10,8,5,3,2,8,1,10,5,9,9,9,5,9,10,10,2,10,9,1,10,7,7,3
Theodore,4,6,9,9,5,4,6,7,1,9,7,9,8,3,8,3,5,4,10,9,3,5,7,1,7,4,7,7,9,7,5,8,9,2,3,2,5,4,7,9,8,7,10,6,7,7,8,9,4,3,2,9,6,3,3,10,4,8,7,10,3,4,1,10,9,1,8,4,10,1,1,5,4,2,4,3,8,5,6,2,2,6,8,9,9,10,6,7,3,3,8,9,5,6,5,4,10,6,2,10,5,2,7,9,5,4,4,4,2,6,2,9,9,10,10,6,6,2,6,9,8,9,3,2,7,8,2,6,4,5,4,8,5,4,9,2,4,7,4,3,2,7,1,5,7,3,1,5,1,5,9,9,6,3,9,7,2,8,3,7,9,9,4,6,3,4,7,3,2
Aiden,9,3,7,2,4,7,3,8,1,10,1,2,7,8,7,3,5,10,3,9,1,9,5,4,1,2,5,5,7,1,3,5,1,10,1,10,9,8,8,1,8,5,1,7,1,6,6,4,6,4,4,1,7,6,7,5,2,3,4,10,10,7,6,4,2,2,10,9,4,7,9,2,4,8,1,1,9,10,6,10,5,1,2,9,1,9,4,7,4,7,1,2,1,4,5,7,1,10,7,6,7,8,1,8,2,4,6,9,6,4,1,2,8,8,3,9,7,4,9,3,2,10,7,7,4,6,4,1,5,6,10,6,8,2,2,5,4,1,9,2,8,4,5,10,8,1,6,3,9,2,2,4,2,3,10,4,9,6,4,10,2,2,7,4,7,10,7,7,9
Samuel,7,6,4,6,10,4,2,2,2,3,2,6,1,3,3,4,9,9,5,10,6,3,9,5,1,1,7,7,9,3,5,8,7,5,4,10,10,3,4,1,4,8,6,3,8,2,10,3,4,9,6,5,5,9,3,9,8,8,10,1,7,10,5,7,10,1,10,9,8,8,4,9,3,10,4,3,2,10,3,1,4,7,8,2,2,6,10,6,8,3,5,7,2,4,8,10,8,5,1,9,3,6,10,8,9,9,7,1,7,2,3,6,4,8,8,4,5,9,2,5,10,2,3,2,2,10,2,5,3,10,8,3,10,9,3,1,5,5,8,1,10,4,5,7,1,2,7,7,2,1,2,7,1,5,4,8,9,7,10,1,5,6,3,8,1,1,10,9,8
Joseph,1,6,1,3,4,1,1,9,5,3,9,2,2,10,9,5,3,2,8,9,4,10,1,9,8,1,2,1,8,8,2,7,3,1,6,9,10,8,8,4,5,1,5,8,5,7,10,7,2,8,10,6,2,7,2,2,9,6,1,7,9,3,5,10,3,4,4,3,4,8,8,8,7,1,3,9,9,10,10,3,8,5,10,3,4,1,6,9,1,2,4,1,10,8,9,7,7,10,5,4,8,8,2,7,4,9,9,10,9,4,8,6,8,8,5,5,1,6,1,8,6,6,2,3,9,3,8,9,7,2,9,6,4,9,1,6,3,3,5,6,2,10,1,4,10,5,9,7,6,6,10,1,4,9,1,2,3,9,8,10,5,1,2,1,6,2,3,4,2
John,8,2,6,4,9,6,5,3,6,3,10,5,9,10,6,10,9,4,10,3,7,3,5,4,9,1,6,5,5,4,1,3,3,6,5,3,7,1,6,8,10,4,10,8,9,3,10,8,7,8,1,9,7,7,6,8,5,6,4,8,4,6,10,6,2,7,10,1,9,8,6,7,2,5,1,5,6,7,1,3,4,10,7,4,2,2,5,2,6,8,8,10,6,4,6,1,1,1,8,2,3,10,9,1,1,8,1,1,5,3,6,4,8,6,10,2,2,10,2,3,10,10,8,5,4,6,4,1,5,6,9,8,9,1,1,3,4,4,7,10,8,7,1,4,8,4,2,4,7,6,7,5,1,4,1,7,3,9,10,10,1,6,4,1,3,1,4,8,5
David,9,6,3,10,10,6,2,5,9,6,4,3,9,9,10,4,7,5,4,6,9,3,8,3,5,3,2,4,7,10,9,10,7,6,5,4,10,3,4,10,6,5,2,6,3,1,10,5,7,3,6,4,2,7,9,9,2,8,5,8,1,1,6,8,2,2,5,9,3,3,2,1,8,10,4,10,8,4,8,4,4,7,9,7,6,9,9,7,5,8,7,1,2,2,6,6,5,2,3,10,1,1,2,1,2,3,7,6,1,4,5,2,8,4,10,3,7,5,5,6,3,8,8,1,10,7,4,5,7,1,3,5,2,5,7,1,9,3,3,4,10,7,6,1,4,5,4,2,9,6,10,8,8,5,9,10,3,2,1,5,2,2,3,5,3,2,10,6,5
Wyatt,3,3,5,10,4,4,1,5,7,6,3,7,5,6,7,2,9,7,1,2,5,7,3,7,5,9,10,4,5,4,8,1,9,5,3,3,1,7,7,2,7,10,2,3,1,6,6,7,8,5,1,10,2,4,2,5,2,4,10,2,2,2,4,8,3,7,10,6,4,7,1,3,9,8,5,6,4,1,7,8,1,7,3,4,4,6,3,5,6,7,5,6,6,10,1,1,10,8,6,6,9,4,9,2,5,8,6,9,3,7,5,2,4,10,5,7,10,1,7,5,1,3,3,9,1,1,9,1,10,10,1,2,3,5,9,1,1,2,4,7,8,4,8,10,6,1,1,8,9,10,3,9,7,3,8,6,7,1,1,8,6,2,4,3,5,9,2,5,2
Matthew,2,4,5,8,9,7,4,1,2,8,8,4,1,6,8,7,9,10,1,6,8,8,2,1,8,7,10,1,6,4,2,9,4,6,10,2,9,2,1,2,10,8,4,1,4,5,3,8,1,1,9,3,2,1,2,2,10,6,4,6,7,3,7,2,3,7,1,1,10,9,4,1,1,5,7,2,5,10,1,8,9,7,1,3,3,5,9,2,2,8,1,6,4,10,9,6,8,6,2,5,3,10,9,4,5,10,8,8,4,9,7,10,6,3,8,10,8,7,2,3,5,1,4,9,10,2,4,6,7,2,1,6,8,3,10,10,4,2,2,1,1,9,3,7,6,10,7,1,2,10,3,1,1,8,1,9,1,9,5,9,9,8,4,7,8,1,10,10,8
Luke,5,4,3,6,3,8,7,7,10,10,7,5,2,8,3,7,5,2,2,9,8,9,9,4,10,6,7,8,3,10,5,5,10,7,8,7,5,5,1,8,8,5,5,6,10,3,8,4,2,7,5,9,10,7,10,5,2,3,3,10,10,7,7,2,6,9,9,10,10,7,7,1,9,1,10,7,7,3,2,6,5,5,8,4,10,4,1,2,4,9,2,8,1,2,6,2,5,6,8,3,6,10,2,5,6,3,6,7,8,2,9,2,10,1,8,4,8,2,9,4,7,1,4,9,6,7,6,1,6,2,1,3,9,1,2,5,8,3,10,4,9,3,1,9,6,4,4,8,5,8,7,3,4,9,2,10,1,8,8,9,4,1,8,7,9,3,7,6,10
Asher,5,7,10,9,3,1,10,2,1,10,10,2,9,8,9,4,2,2,9,4,1,8,9,8,4,3,10,2,7,2,4,6,3,1,4,4,6,7,2,1,4,9,7,1,4,9,9,1,5,5,7,7,5,5,10,7,7,9,1,8,9,5,3,4,7,3,8,5,1,9,9,10,10,3,8,3,6,4,7,9,1,2,6,4,10,6,1,5,9,7,1,3,4,3,7,5,9,5,10,8,2,10,2,8,4,10,6,5,7,4,2,4,5,6,2,7,6,7,10,1,9,8,7,8,2,1,10,9,4,7,10,8,10,3,6,3,5,9,1,8,5,3,6,8,1,6,3,2,1,4,1,2,2,5,4,9,8,3,8,1,1,7,8,9,5,1,10,10,10
Carter,10,1,9,6,7,3,5,4,10,3,5,6,7,6,10,4,6,4,4,8,9,5,3,5,6,10,3,1,6,9,8,3,8,9,2,4,4,4,7,3,1,9,1,10,10,3,3,4,5,3,9,6,8,8,1,6,10,9,4,10,1,7,5,7,1,2,2,1,3,9,6,1,2,8,1,6,9,10,8,7,1,2,7,2,3,5,3,7,10,2,1,1,6,3,5,6,1,4,2,2,9,3,10,8,10,4,4,8,7,10,6,7,8,8,6,5,1,4,7,8,4,3,7,7,6,5,5,9,3,8,8,8,7,4,4,9,3,9,6,2,5,8,7,5,6,6,8,10,8,1,2,5,1,6,9,6,3,1,8,5,7,10,5,2,8,6,6,3,10
Julian,7,1,9,4,4,6,8,1,9,6,5,2,2,7,9,2,7,1,8,3,7,3,7,2,7,8,4,7,10,4,7,9,5,7,6,6,9,4,3,6,6,10,10,8,2,5,8,3,4,2,9,4,3,9,5,5,9,1,2,1,5,1,7,6,9,9,3,5,4,9,2,9,8,6,4,9,3,1,10,4,4,7,4,9,7,7,7,2,6,7,9,7,7,1,3,9,7,5,8,6,2,10,3,2,1,10,9,10,1,6,9,7,7,7,10,7,4,2,5,6,4,6,1,9,4,9,5,2,1,1,4,5,1,6,1,4,7,7,7,6,9,2,7,3,4,7,9,4,6,10,4,10,8,8,5,8,6,4,1,1,8,1,3,2,4,4,4,8,4
Grayson,3,5,10,1,9,4,7,3,9,9,3,1,8,6,1,6,2,1,6,10,5,2,10,1,4,9,3,7,6,9,4,7,4,4,5,4,4,2,1,8,4,7,7,9,6,5,6,6,1,10,3,5,1,8,5,6,3,4,5,10,8,5,10,4,2,1,8,8,6,10,3,3,7,2,10,4,3,4,10,6,5,10,10,8,9,2,3,2,3,9,8,7,4,2,6,8,9,2,8,9,4,2,7,1,4,2,9,10,1,8,4,1,3,1,4,5,1,6,4,10,10,6,4,6,2,4,7,1,3,8,10,5,2,4,10,9,2,3,4,6,1,4,6,2,8,5,5,3,3,9,2,7,10,6,8,2,4,2,10,2,9,2,1,7,7,1,2,4,3
Leo,6,6,5,7,9,3,4,7,2,6,1,8,6,2,6,10,10,2,10,7,1,2,9,6,10,5,3,6,6,1,5,3,7,6,6,5,5,10,3,7,7,9,6,9,1,9,6,2,5,2,9,10,4,3,3,5,9,7,2,5,9,7,7,5,1,3,7,7,4,2,1,9,3,7,1,10,10,9,3,9,4,10,2,5,8,10,5,5,10,4,9,7,5,9,10,5,9,8,4,9,1,2,1,2,5,9,10,8,1,5,1,8,2,5,3,3,10,2,2,8,9,3,10,6,9,9,10,5,3,4,1,10,1,4,6,7,6,6,3,4,5,7,5,9,2,5,4,5,7,8,2,6,9,7,4,9,8,6,10,5,6,5,4,8,2,5,7,3,1
Jayden,9,3,1,6,5,9,8,5,9,10,2,2,1,5,3,1,8,5,2,4,8,8,2,5,7,5,5,4,4,4,2,7,9,2,1,2,8,9,1,8,6,9,3,10,9,4,8,5,5,7,4,9,3,9,5,3,7,10,10,4,2,8,5,8,6,6,5,5,1,3,5,7,4,10,9,6,10,3,7,2,2,3,7,3,4,6,3,10,9,1,8,8,3,3,9,9,3,10,9,9,2,4,10,10,6,5,7,3,2,1,1,3,10,6,1,2,8,7,4,8,5,4,10,3,6,4,9,6,9,5,2,6,1,7,9,7,4,9,6,9,5,7,7,8,7,5,6,10,10,1,1,10,10,7,3,4,7,5,1,9,5,6,7,8,5,2,4,10,10
Gabriel,8,1,7,6,10,9,2,1,7,2,9,8,3,8,5,9,8,7,1,10,10,8,3,1,10,2,3,9,8,9,1,1,3,4,10,3,3,7,10,10,9,1,10,5,2,5,10,3,5,7,4,6,2,3,4,7,7,7,10,6,6,2,4,9,7,1,5,7,5,6,6,10,1,8,1,9,3,1,6,7,5,5,10,6,5,1,5,4,6,4,10,7,5,10,10,3,1,3,7,7,6,7,8,9,6,1,4,2,5,10,9,10,2,3,1,3,8,5,10,7,8,10,6,3,7,9,8,8,7,9,5,6,1,4,8,7,5,1,10,2,4,3,3,10,10,4,5,8,9,9,8,4,10,10,1,2,4,5,7,1,1,4,1,5,6,6,2,5,7
Isaac,9,2,8,6,2,1,5,10,2,3,3,4,2,8,7,8,6,5,8,8,8,9,7,2,1,1,2,7,1,10,5,5,9,8,5,4,2,7,8,7,6,1,9,8,2,9,10,6,6,7,10,2,3,9,6,4,5,9,10,6,8,7,6,9,9,10,1,7,9,4,5,3,3,7,5,7,6,5,6,4,1,10,4,4,6,7,1,10,6,5,3,6,8,5,2,5,6,7,4,4,3,3,2,2,7,6,6,4,9,6,7,9,1,2,8,7,9,4,7,10,5,2,1,8,8,10,1,8,6,5,6,4,5,6,6,10,2,9,5,10,1,1,6,4,10,10,5,1,3,2,2,7,5,3,2,7,6,7,7,3,10,5,9,10,6,3,10,4,9
Lincoln,5,6,3,9,3,6,2,4,1,3,1,7,7,8,10,4,6,8,9,3,2,6,3,3,7,4,4,2,3,3,9,10,9,3,2,5,7,1,9,9,3,6,4,10,7,6,6,4,8,3,5,2,9,10,3,8,9,9,6,4,7,9,2,9,3,9,8,9,10,6,3,3,6,5,9,4,2,8,4,9,2,1,3,10,3,9,5,10,2,8,7,9,9,8,1,8,9,6,5,4,6,7,2,10,6,8,7,4,1,9,9,3,6,1,8,6,6,6,4,8,7,2,5,7,10,2,4,2,1,5,4,1,1,6,8,8,8,2,9,5,10,8,5,7,7,3,9,4,3,2,5,2,7,7,7,6,6,4,2,10,1,9,4,9,8,2,8,9,1
Anthony,9,10,3,4,9,1,4,4,7,4,9,9,2,1,5,4,10,7,8,5,8,1,4,9,2,1,6,1,2,6,7,1,4,6,8,1,7,8,6,9,9,1,6,6,6,2,8,6,5,6,9,4,4,5,3,7,6,3,4,3,2,3,8,7,7,2,9,8,5,9,4,4,8,3,8,8,7,10,5,7,1,1,10,4,4,5,4,6,5,8,10,9,6,5,5,6,2,8,10,10,2,4,1,5,1,9,1,9,2,5,9,4,3,5,2,8,1,8,1,6,8,2,9,6,4,9,6,8,10,5,10,7,10,5,5,4,3,6,1,4,4,10,1,8,1,2,4,4,4,6,9,6,5,7,1,7,7,9,9,6,9,8,4,5,8,6,6,3,1
Hudson,5,1,3,2,10,6,10,6,9,3,1,6,1,7,9,4,7,10,8,3,10,8,10,7,1,1,7,6,10,1,2,8,7,10,1,2,9,5,7,3,9,3,7,8,4,8,3,4,1,5,4,4,4,10,3,3,6,3,3,3,5,3,7,3,2,10,2,10,3,3,3,7,7,2,9,3,6,9,5,3,7,1,3,4,3,2,4,1,7,10,8,8,9,6,8,3,2,5,3,1,6,2,4,3,1,9,5,5,7,8,8,4,3,1,4,3,4,8,5,6,2,6,3,3,1,5,4,8,8,8,5,6,1,2,4,2,2,7,9,10,7,6,3,2,7,7,10,4,5,4,5,7,8,7,6,8,6,3,10,7,5,7,8,1,6,4,2,8,8
Dylan,6,6,3,1,9,4,4,6,10,1,7,4,1,5,2,7,7,3,3,7,9,4,5,5,1,9,10,4,2,3,2,3,4,1,6,7,8,10,7,5,6,10,2,8,5,8,4,2,6,4,8,10,10,10,6,10,5,3,10,7,5,5,9,6,4,5,6,2,4,9,4,3,6,3,5,5,9,5,4,4,6,1,3,7,5,10,5,10,7,8,1,8,9,10,7,5,5,6,10,5,6,8,6,4,10,9,2,10,1,8,9,4,9,6,2,7,8,10,8,1,8,8,1,7,7,2,10,3,3,6,8,6,1,2,2,2,2,6,7,8,4,10,5,2,5,8,8,2,1,4,6,1,5,10,4,2,4,5,8,5,9,2,7,10,1,5,3,10,6
Ezra,1,5,5,7,7,9,9,5,9,7,9,9,7,5,9,9,9,5,6,3,7,1,8,5,2,4,4,5,10,9,4,2,5,10,3,9,3,5,3,7,6,2,8,6,10,5,7,9,1,8,6,10,3,7,10,1,6,7,7,4,7,6,6,4,10,7,2,10,10,2,2,3,7,5,8,10,7,7,8,1,3,2,4,7,1,1,7,7,3,9,10,10,4,9,7,3,3,7,8,3,4,1,7,7,2,2,7,4,7,7,8,10,9,1,2,9,6,8,3,4,6,3,3,10,7,8,5,3,3,3,1,8,6,9,7,5,3,6,1,10,8,10,6,4,2,9,8,7,1,2,10,1,7,8,8,1,5,8,5,10,9,9,7,4,9,3,9,8,7
Thomas,5,4,6,6,10,2,5,3,2,6,3,5,4,1,8,9,7,4,1,6,10,5,2,9,9,5,2,2,6,4,7,1,6,8,5,10,10,9,7,9,9,9,5,8,2,3,6,9,2,5,1,1,3,6,7,2,1,3,5,6,10,3,9,6,5,2,3,5,6,3,5,2,10,2,5,6,5,2,6,3,1,3,1,8,3,1,4,1,3,9,4,1,4,4,7,1,6,1,3,6,10,7,1,1,5,1,6,7,4,4,7,4,9,3,7,4,1,7,1,5,5,2,7,3,8,10,6,5,8,5,7,4,2,4,9,9,1,10,8,3,9,6,10,8,10,4,10,2,4,3,6,8,9,1,4,10,7,1,6,5,6,2,4,8,10,10,9,8,2
Charles,4,7,8,4,1,4,4,5,2,9,4,10,3,5,3,5,5,6,6,4,1,6,4,7,9,8,6,8,8,6,8,3,6,1,3,2,10,10,7,7,9,6,2,8,4,3,9,8,8,5,10,7,4,8,1,6,1,6,6,8,6,4,8,10,8,8,2,10,2,2,10,5,6,3,10,3,2,2,4,3,9,4,6,4,8,4,2,9,9,6,6,9,4,4,8,6,8,8,9,6,5,3,7,6,6,6,10,10,3,1,1,1,3,3,8,7,2,6,5,7,1,10,4,5,5,6,2,7,1,8,8,1,4,8,1,6,2,8,8,6,4,8,1,9,2,4,8,3,2,8,1,3,10,2,6,8,6,6,5,7,6,4,10,10,6,7,7,9,1
Christopher,5,7,8,6,8,8,1,8,2,9,2,3,10,2,9,1,2,5,6,7,10,6,10,1,7,10,10,7,8,10,5,2,2,5,10,6,4,1,1,10,2,3,1,8,5,10,10,8,2,2,1,4,2,7,9,5,10,10,9,8,8,10,2,8,8,2,5,4,8,8,5,8,1,6,9,4,10,4,1,6,2,8,5,6,5,3,7,2,4,1,6,8,7,10,3,7,3,3,1,5,8,5,9,3,2,4,5,7,9,5,9,6,8,4,8,9,7,1,3,10,7,3,3,4,2,4,10,3,10,1,1,4,10,8,2,3,9,8,10,5,8,6,1,1,9,9,6,9,2,6,5,1,2,5,7,4,6,10,3,2,4,2,2,3,8,6,4,6,7
Jaxon,7,10,7,5,2,10,2,5,2,2,1,8,8,7,8,5,7,5,8,10,10,9,6,1,9,1,10,8,1,10,6,3,8,8,5,7,3,4,8,6,5,9,3,9,8,3,2,8,3,8,1,5,5,10,1,6,10,9,9,7,2,7,7,5,9,6,3,6,5,5,6,3,6,8,5,6,9,9,4,2,5,5,3,2,9,3,5,4,1,1,1,5,8,8,9,8,7,2,5,8,3,6,2,9,2,9,5,4,8,2,8,2,6,10,4,4,1,8,2,4,7,5,7,7,7,4,5,7,9,10,5,9,8,2,10,6,5,4,4,5,1,4,9,2,1,3,1,10,5,6,2,6,7,8,5,3,8,5,10,4,9,1,6,7,4,4,3,2,9
Maverick,1,6,7,8,7,2,2,8,1,6,1,1,2,4,3,7,3,8,1,3,8,10,3,9,2,8,3,1,5,10,6,2,5,8,1,3,6,2,9,6,1,5,5,10,1,1,1,6,5,1,5,3,1,4,1,4,4,7,9,3,2,3,10,10,3,7,10,2,7,6,7,2,2,2,4,10,5,9,9,6,4,8,5,5,8,4,8,9,1,3,1,10,9,8,6,7,1,7,8,3,3,2,9,1,6,10,1,6,6,1,6,2,10,8,8,9,10,3,9,10,5,2,5,3,9,7,3,9,9,10,2,4,7,7,7,4,8,6,6,6,2,4,3,10,5,1,9,6,8,6,3,4,3,2,6,2,10,1,8,4,8,7,6,7,7,10,9,1,6
Josiah,9,1,10,1,3,5,2,8,6,1,4,9,2,6,4,10,10,3,10,8,8,2,2,7,3,2,3,6,8,10,10,10,1,2,10,10,4,6,5,2,7,3,9,5,4,5,2,3,2,6,1,1,5,1,6,4,7,4,7,9,10,8,1,7,4,8,1,3,5,1,7,8,4,3,9,3,6,2,7,2,5,7,5,5,7,3,4,8,6,8,6,9,9,2,4,7,2,5,5,2,1,1,6,4,4,6,10,10,4,3,9,5,4,10,3,9,2,3,5,10,8,9,8,8,4,2,5,3,6,9,10,5,6,3,7,1,7,1,10,2,7,2,1,1,9,4,5,5,5,2,6,10,7,6,2,3,7,3,1,6,7,9,7,4,10,3,8,4,6
Isaiah,2,5,7,5,3,6,7,10,1,1,1,9,3,5,3,1,9,10,9,10,7,1,4,1,4,7,2,5,4,1,9,1,5,5,8,7,2,5,4,5,8,9,3,2,6,3,9,7,7,6,1,9,9,6,10,8,10,9,1,5,6,6,1,3,8,6,4,5,1,8,5,6,3,5,1,2,2,8,9,8,4,3,8,4,10,6,5,8,7,8,10,2,6,3,5,1,1,5,1,3,10,4,7,9,6,6,2,1,3,5,4,3,2,5,3,6,6,2,1,9,9,9,7,5,5,6,2,5,10,9,4,7,2,1,3,2,9,3,3,2,3,8,9,5,10,7,5,5,10,2,3,10,2,4,9,7,8,1,7,10,8,1,3,8,1,9,9,2,8
Andrew,3,8,8,6,7,7,4,8,9,4,5,6,6,1,3,4,1,2,1,4,5,6,10,3,1,10,5,1,6,10,5,5,4,3,5,8,3,10,1,4,8,8,5,1,3,1,6,4,6,6,7,6,2,5,6,6,2,4,3,7,9,3,8,3,6,2,8,1,6,10,10,6,3,2,10,5,3,1,3,8,9,9,4,8,4,3,10,1,9,4,4,6,3,2,4,4,1,1,6,8,10,4,8,5,10,4,7,4,3,6,3,9,6,3,10,9,7,8,10,1,4,8,3,4,3,8,4,10,9,3,8,8,4,6,7,4,9,9,9,10,10,7,9,3,3,10,6,5,9,3,3,7,6,2,1,2,10,3,5,10,8,8,8,3,7,5,4,1,6
Elias,10,10,10,9,8,8,2,4,9,10,1,4,7,1,7,10,5,8,9,4,2,2,1,9,9,9,2,9,4,9,3,1,10,9,4,10,6,2,3,2,6,3,5,6,3,2,2,1,2,8,2,5,2,1,5,10,7,3,10,1,2,2,8,7,7,9,3,2,1,4,10,3,1,6,6,4,4,5,3,10,3,3,10,9,8,10,5,6,6,4,6,3,1,7,6,8,6,3,7,1,7,10,2,1,10,2,2,4,8,6,6,3,10,8,8,9,5,4,6,7,9,8,6,10,2,4,5,6,7,3,5,8,7,6,2,8,6,5,3,10,10,8,9,7,6,10,5,1,6,7,7,3,8,5,6,6,4,5,7,2,10,8,2,8,6,10,4,5,5
Joshua,4,4,4,8,3,8,4,1,2,6,7,1,9,2,5,10,4,6,3,10,5,1,3,6,10,10,2,3,9,5,1,9,4,10,8,1,1,9,2,9,8,3,7,4,9,5,4,5,6,4,2,2,3,9,7,5,4,3,3,10,4,2,2,8,8,9,1,3,4,1,9,7,10,6,6,8,9,9,1,2,8,5,7,9,8,9,1,7,1,10,2,2,1,2,8,4,10,1,2,6,9,1,6,1,3,6,7,9,2,1,4,9,8,3,10,6,2,10,9,7,2,3,1,6,2,7,1,9,2,2,10,9,9,7,5,8,5,8,7,8,6,4,9,8,10,9,5,7,2,6,6,4,2,1,8,10,3,2,6,2,6,8,8,3,10,4,3,1,5
Nathan,8,2,1,8,9,3,2,5,3,1,7,6,2,5,9,10,4,6,9,2,3,9,1,9,8,4,5,9,2,5,5,7,4,1,5,10,1,10,6,6,9,7,6,2,2,10,4,10,9,1,6,8,7,6,6,7,10,3,1,6,4,5,1,2,3,2,10,5,2,3,5,10,9,9,4,3,8,10,6,6,10,1,2,9,6,3,7,10,2,1,4,3,4,2,8,6,8,2,6,7,10,10,1,5,4,10,7,4,1,4,7,9,4,4,8,6,5,7,3,4,3,3,9,6,10,3,10,10,10,4,1,7,8,3,10,7,10,7,10,1,5,6,8,10,2,8,3,6,1,3,9,7,9,4,5,10,5,9,7,10,1,10,3,2,10,1,1,4,1
Caleb,8,3,10,10,6,4,8,3,2,4,8,4,5,9,4,1,9,4,9,3,4,10,7,5,8,5,4,1,10,5,7,3,5,1,5,9,6,1,8,8,6,2,7,6,1,8,2,8,6,5,5,7,5,7,2,8,10,10,9,2,4,5,3,1,8,3,4,10,1,6,8,5,5,3,6,2,10,7,5,9,4,8,2,5,7,9,10,4,9,1,7,3,2,7,4,4,9,3,5,7,8,2,2,8,1,2,5,5,5,2,9,7,2,7,10,3,6,6,5,4,9,8,6,3,8,4,9,1,3,10,9,10,5,10,2,5,7,5,8,6,1,8,1,6,7,2,6,7,8,5,3,6,3,9,5,6,5,8,10,9,10,7,3,1,2,2,7,6,3
Ryan,7,3,3,2,4,6,6,4,4,3,2,4,10,3,10,4,8,10,3,3,5,5,1,2,2,9,2,2,10,9,2,2,6,5,1,6,10,3,7,8,2,2,4,4,7,8,8,5,1,5,8,1,5,3,7,3,9,5,10,6,8,6,3,8,8,1,2,10,4,10,3,1,7,3,1,6,7,6,3,4,6,10,8,8,3,3,9,6,4,9,3,6,1,8,6,3,1,4,9,10,5,6,9,9,7,5,5,2,8,4,5,3,1,1,9,9,6,7,10,4,10,4,1,1,8,8,2,2,10,4,10,4,8,9,9,8,8,1,8,7,10,10,8,10,8,2,2,2,4,10,3,9,5,8,4,1,4,5,2,10,5,4,4,2,9,1,10,2,2
Adrian,9,6,7,9,2,9,5,1,3,6,6,3,6,4,5,9,9,1,7,10,1,5,8,3,9,3,2,5,8,10,2,7,9,2,10,2,4,10,6,10,10,9,4,6,10,7,7,7,6,9,2,3,5,3,10,10,5,8,5,3,7,1,9,8,6,8,1,1,7,8,7,1,1,5,7,4,6,3,5,6,4,1,8,7,7,9,2,1,9,1,2,3,4,8,7,7,10,3,5,8,10,2,4,6,1,10,4,2,6,4,6,2,9,9,5,6,2,4,4,10,7,8,7,7,7,7,4,8,6,6,7,10,10,3,7,5,9,6,4,8,7,1,10,8,8,2,4,8,1,5,6,2,6,9,6,8,1,8,1,10,3,9,9,5,4,7,5,4,9
Miles,3,10,6,9,6,5,6,5,2,8,5,3,10,6,10,8,2,10,5,3,9,5,6,4,7,1,2,10,2,1,4,7,7,7,7,2,2,10,3,10,7,10,6,8,2,9,7,4,5,3,6,4,9,5,10,7,5,9,3,6,2,1,2,4,6,9,2,1,6,5,7,3,6,4,3,7,3,4,7,2,10,5,4,4,8,10,4,8,10,9,10,4,2,3,5,6,1,7,10,10,4,3,5,1,1,9,9,4,9,8,5,2,8,2,2,7,4,1,5,5,7,7,3,3,1,6,3,9,2,9,5,1,3,6,2,3,5,5,5,4,9,7,1,8,3,6,8,7,1,7,1,3,5,8,4,1,10,4,6,9,2,2,5,1,7,2,10,7,8
Eli,7,7,10,10,2,3,8,10,8,10,7,7,5,2,7,2,6,1,3,1,2,4,8,4,6,8,5,3,9,10,1,6,9,1,4,1,6,3,7,4,7,4,10,9,3,8,1,2,3,6,5,9,4,9,2,4,7,3,5,3,9,2,2,6,1,9,1,4,4,1,5,4,8,5,5,5,2,7,10,4,5,1,10,3,10,10,10,4,3,5,8,4,5,4,2,8,7,4,2,2,10,5,8,5,1,2,9,4,9,1,8,3,2,9,7,5,7,2,4,3,4,3,5,4,10,6,9,2,4,4,7,9,9,4,8,9,10,10,5,5,8,1,4,10,2,10,1,8,4,10,3,8,5,10,6,3,1,6,6,9,4,6,6,9,8,8,1,3,1
Nolan,8,4,4,6,8,1,2,1,1,4,8,4,7,1,4,7,2,6,9,9,10,10,6,3,5,1,2,2,5,6,4,2,7,8,9,10,5,4,2,8,4,6,1,6,10,4,4,5,9,6,4,6,2,6,7,4,6,9,3,5,2,6,8,1,6,7,4,5,6,7,3,9,7,1,6,7,1,5,8,4,3,6,7,10,1,3,1,10,5,6,3,5,9,1,4,4,10,4,9,2,10,3,5,7,9,3,6,4,9,5,2,5,8,3,4,9,7,5,4,10,10,1,8,3,10,9,4,9,9,6,8,7,6,8,3,10,4,1,7,5,9,5,10,6,1,3,10,8,7,1,7,9,1,1,5,3,10,6,7,5,1,3,3,3,10,8,9,5,2
Christian,3,2,6,10,7,10,10,5,8,9,4,4,3,2,4,6,4,8,9,6,5,4,3,4,5,8,8,7,5,5,4,7,3,7,3,3,9,3,7,8,3,2,5,7,9,7,1,9,8,8,3,10,9,1,5,2,3,1,3,8,6,5,1,1,3,10,7,6,6,6,5,10,10,2,1,6,9,8,10,7,3,1,5,2,9,7,3,7,6,3,7,8,4,5,1,2,7,2,9,2,1,3,9,5,5,4,10,10,2,8,9,9,1,3,4,4,8,7,8,2,2,5,3,4,9,4,2,6,2,2,7,3,8,2,9,8,2,3,3,6,8,5,1,3,2,10,7,6,9,6,8,8,5,4,6,10,7,2,5,6,3,9,8,10,4,9,7,5,10
Aaron,1,3,8,10,9,10,4,7,8,8,5,7,5,7,10,3,4,3,5,10,2,7,7,1,10,10,7,10,1,3,2,2,4,5,4,8,1,1,6,2,10,4,1,5,2,8,10,4,7,9,7,7,8,2,3,1,4,6,2,2,1,6,1,3,3,5,3,5,2,6,7,4,10,8,6,9,2,6,1,5,8,1,10,1,5,2,2,7,6,4,6,8,3,3,8,8,3,2,2,7,3,3,7,10,7,4,6,9,10,9,8,2,3,2,1,3,10,9,7,2,9,4,4,8,9,8,1,8,1,8,10,5,10,6,1,4,2,9,3,6,9,1,6,8,7,10,3,8,7,3,4,2,6,7,9,9,7,8,7,1,6,7,6,7,4,4,10,2,6
Cameron,9,10,10,10,6,3,1,3,5,9,9,1,8,5,9,3,2,6,8,4,10,6,4,2,8,4,8,2,6,6,3,9,9,10,10,5,2,2,3,5,4,2,5,3,9,4,1,6,10,2,10,1,1,1,2,9,3,4,3,10,4,8,10,7,3,3,9,7,4,5,3,9,1,8,6,4,7,6,9,5,1,6,7,7,4,6,7,8,10,9,7,7,6,2,6,10,5,1,9,10,3,10,5,4,7,9,1,8,7,4,9,10,4,9,1,2,6,5,4,4,8,8,2,4,3,10,2,2,8,9,10,6,8,7,2,3,8,7,9,4,7,5,10,5,8,2,1,2,10,6,7,7,3,1,8,4,7,7,1,8,7,5,10,5,4,1,5,5,6
Ezekiel,6,10,2,6,7,3,7,4,10,8,1,5,7,6,10,3,8,6,1,3,5,1,10,10,1,1,9,7,6,7,7,4,8,5,9,4,3,2,2,10,6,2,7,6,9,5,1,9,7,2,4,4,1,7,6,9,4,5,7,1,8,6,8,9,10,1,5,1,3,9,10,2,9,6,2,1,10,10,1,3,6,1,6,9,1,3,6,2,4,10,5,9,8,2,10,5,5,2,3,2,1,4,5,10,6,6,10,6,4,9,6,9,7,6,2,3,1,7,7,6,7,7,2,2,10,8,9,10,1,2,2,2,2,8,6,2,3,8,2,1,3,3,3,4,6,6,10,10,4,9,2,4,7,4,5,7,8,8,4,8,9,7,7,6,1,2,4,7,3
Colton,8,9,6,4,6,5,7,9,7,5,7,1,2,10,6,10,7,1,7,6,9,5,10,4,10,3,3,10,6,10,1,9,7,3,8,10,7,6,3,10,10,7,5,1,2,6,3,3,3,3,2,6,1,5,6,6,7,3,5,3,6,5,3,6,1,8,8,2,9,1,10,1,7,6,2,5,10,8,8,1,4,6,3,8,1,3,1,9,7,5,10,2,3,9,6,5,7,9,10,9,2,2,9,3,7,6,10,3,8,9,9,6,8,10,2,3,8,10,9,6,1,6,6,6,6,5,6,2,10,5,8,2,1,7,8,6,3,4,8,10,9,7,8,1,3,6,1,6,8,3,10,8,5,4,3,10,4,5,4,5,1,3,9,10,7,10,1,3,6
Luca,8,3,4,6,6,1,5,8,9,1,2,6,10,7,1,10,6,9,1,5,9,3,10,4,6,5,6,4,1,2,1,3,8,4,3,1,4,7,7,6,1,10,5,8,5,9,10,10,9,5,6,5,3,9,7,8,2,8,7,3,7,4,8,1,4,4,4,2,6,8,1,8,7,2,3,7,5,2,5,5,8,3,5,10,2,4,2,1,7,10,6,3,7,7,7,3,6,9,6,3,8,5,9,5,3,1,9,5,6,3,4,9,4,5,1,5,1,9,7,8,10,2,6,3,10,4,1,5,9,8,5,5,5,4,2,6,9,3,7,1,7,6,8,3,2,9,1,1,7,8,9,3,5,9,7,10,3,3,8,1,3,2,6,9,8,7,7,7,8
Landon,10,10,6,5,1,10,6,9,1,2,7,6,6,4,8,7,9,1,4,9,9,7,1,8,7,6,1,5,2,5,6,10,10,3,9,8,6,7,10,8,1,1,5,9,5,9,4,1,8,7,6,7,6,8,3,1,3,6,7,9,3,8,7,8,6,2,1,3,4,4,3,9,2,10,4,9,10,2,9,2,4,3,3,8,10,2,2,3,7,2,6,3,10,7,8,2,2,3,9,4,9,7,7,3,1,1,9,6,7,6,5,6,8,7,4,10,10,4,2,2,10,7,8,1,5,6,6,1,1,2,9,2,2,7,7,1,8,2,5,9,5,6,8,6,10,8,10,6,6,7,5,10,9,8,5,8,3,8,9,1,3,7,5,4,3,6,5,3,6
Hunter,9,5,10,6,3,8,5,9,7,1,7,2,2,1,8,5,9,4,7,2,6,5,4,1,8,2,1,7,8,1,6,4,2,3,1,4,3,1,7,2,6,6,8,7,2,9,5,9,5,4,2,1,2,9,9,1,4,3,8,5,3,10,5,5,2,5,3,9,7,6,7,5,8,2,10,7,10,4,1,3,9,4,2,4,6,6,5,2,6,7,4,1,6,9,1,1,9,8,7,7,1,7,6,4,5,6,7,6,4,6,10,4,6,2,6,8,7,1,7,10,7,3,3,5,8,7,9,3,2,5,1,7,1,4,4,8,2,4,7,9,1,10,2,7,1,6,5,2,10,1,9,1,2,10,2,2,1,5,4,5,10,10,10,10,2,9,5,8,4
Jonathan,7,4,6,7,3,10,5,8,1,5,7,8,6,3,1,2,2,6,6,6,1,2,6,6,5,9,2,4,4,7,3,5,2,9,7,5,8,3,8,4,1,7,3,4,10,2,10,8,9,7,4,2,8,1,1,7,5,8,3,10,7,1,7,6,9,4,10,5,9,7,7,7,5,2,6,1,2,9,3,6,1,3,2,5,6,8,2,8,4,10,5,5,9,7,9,1,4,8,9,6,2,4,3,5,7,2,3,7,1,5,1,6,1,2,8,5,2,3,6,8,4,6,7,7,6,7,8,4,6,2,6,9,10,3,3,10,10,7,10,4,4,5,3,6,4,10,6,6,7,7,5,4,4,3,10,10,1,1,6,7,1,8,5,3,8,2,9,3,5
Santiago,10,8,5,3,6,6,10,6,2,8,1,8,1,8,1,1,8,2,3,5,1,9,7,6,1,4,10,8,7,4,3,9,2,9,5,3,6,6,5,2,8,10,1,4,8,2,2,1,3,8,2,5,10,7,2,8,5,6,5,10,10,5,7,1,7,8,7,1,7,6,8,5,4,7,2,2,5,8,3,8,1,4,9,4,4,8,1,4,4,3,8,5,1,8,3,6,4,4,5,7,4,4,7,3,1,4,2,9,2,9,8,5,10,3,1,2,1,3,8,10,8,2,8,2,4,1,8,3,5,5,9,2,6,4,6,6,5,1,7,1,9,1,1,8,1,2,9,4,8,4,1,9,4,10,2,8,8,5,2,10,8,1,2,1,1,8,10,2,9
Axel,9,9,9,3,1,7,7,9,5,7,7,2,10,8,2,9,7,9,9,10,5,8,8,5,5,10,4,8,6,1,2,6,4,3,10,4,9,10,7,7,7,7,2,1,7,10,2,5,1,10,3,3,5,6,5,3,5,5,4,5,4,4,3,4,10,6,8,3,6,8,5,3,1,8,9,10,7,1,3,9,4,8,8,10,2,9,8,8,5,2,3,6,8,10,1,5,7,8,6,8,10,6,2,1,1,10,1,7,6,7,4,4,10,5,6,3,8,10,1,3,4,5,9,6,6,1,4,3,9,5,5,3,7,2,1,1,8,8,10,5,9,10,8,2,1,8,10,5,7,2,7,8,10,3,3,9,2,4,10,9,1,6,1,1,10,9,7,10,1
Easton,9,10,1,8,8,3,3,7,3,7,4,7,8,4,7,3,1,4,1,6,3,5,9,9,5,1,4,8,4,10,4,6,9,1,8,1,4,9,5,9,2,9,8,6,1,2,4,4,6,10,5,9,2,1,6,7,6,6,1,5,4,9,3,5,6,1,6,5,5,1,9,10,5,2,5,1,6,8,9,4,10,8,4,5,1,3,8,9,4,2,10,6,9,2,1,8,4,8,2,1,9,3,9,5,9,4,7,3,2,5,6,10,3,5,2,5,8,10,8,5,3,7,5,8,5,10,3,8,7,2,10,5,4,9,8,1,5,3,7,7,8,6,10,2,1,9,5,3,9,7,8,5,9,5,3,10,7,6,7,4,2,7,4,1,6,9,3,5,8
Cooper,10,1,2,5,6,4,3,10,5,2,1,9,2,1,5,1,2,3,8,4,9,6,3,2,4,2,9,6,5,4,2,1,7,10,2,6,1,10,5,7,6,3,4,4,9,3,8,7,3,3,4,6,3,4,6,5,6,3,5,9,10,10,8,1,10,4,9,7,8,6,6,7,5,9,9,4,7,10,7,1,10,2,5,9,3,6,6,1,10,7,6,8,7,7,8,8,8,3,6,9,10,4,5,9,1,4,6,8,3,6,6,3,7,6,8,2,8,9,9,2,7,9,3,7,9,4,5,10,8,7,10,1,2,3,7,9,10,5,6,5,1,10,3,1,10,2,9,3,9,2,1,10,1,10,3,6,7,10,2,4,8,10,8,5,3,6,6,6,5
Jeremiah,6,4,6,3,3,9,4,9,7,7,9,4,7,3,1,10,2,9,4,9,3,8,6,2,2,8,6,2,7,10,4,1,9,7,2,8,10,3,9,5,2,4,2,3,10,7,4,4,9,9,8,7,8,6,2,9,9,8,2,9,7,2,6,4,7,1,5,7,1,8,1,9,10,9,9,3,10,8,3,9,7,5,10,3,1,5,3,1,3,2,6,9,8,8,4,1,6,6,7,9,1,7,1,3,1,5,6,10,2,2,1,1,7,10,5,4,2,3,10,1,6,3,1,5,10,8,9,3,7,3,5,1,7,2,2,7,4,6,4,7,7,10,5,9,5,7,3,9,1,5,2,9,10,7,4,4,7,4,9,6,5,8,6,7,3,9,3,5,2
Angel,9,5,2,9,10,6,4,1,1,8,5,10,8,3,6,5,8,1,3,6,5,10,1,2,10,5,4,7,1,2,8,1,10,1,5,3,7,8,2,5,9,7,2,2,4,4,8,3,3,7,7,8,6,9,6,2,1,7,2,8,2,2,8,1,1,5,5,9,7,9,6,8,2,8,5,1,5,7,6,4,3,10,8,4,10,4,3,7,3,1,10,3,9,1,9,4,5,9,4,9,6,6,3,1,7,3,1,6,4,7,1,1,10,6,5,3,10,3,7,1,10,4,1,5,3,2,4,4,9,4,6,1,6,5,9,3,10,5,1,9,3,2,8,6,2,3,2,7,7,9,7,9,5,2,6,9,5,4,10,8,7,6,10,6,6,4,9,7,8
Roman,7,4,4,4,4,3,7,6,3,5,9,8,9,7,2,8,1,8,7,9,10,5,9,2,9,1,9,10,5,3,6,6,7,5,5,9,1,7,9,10,4,8,9,9,6,3,9,1,3,5,10,8,8,10,3,6,6,6,1,3,10,7,10,7,7,8,3,4,10,7,4,2,3,7,8,1,5,4,10,7,2,2,10,5,1,5,9,6,5,3,9,4,1,1,9,5,9,6,7,10,6,6,1,1,10,9,1,1,3,10,10,7,10,1,1,10,10,2,3,3,10,6,9,5,5,4,1,6,4,1,7,1,9,1,2,7,5,7,10,9,1,8,6,6,2,6,10,5,9,7,10,8,4,6,3,8,3,3,1,3,3,1,4,6,8,5,10,6,9
Connor,6,5,1,7,5,3,5,1,7,5,5,3,8,6,9,7,9,2,10,7,3,2,5,1,10,3,3,3,6,10,3,8,4,1,6,4,5,4,8,1,7,7,5,10,10,9,6,3,9,7,5,1,4,9,2,9,8,3,5,8,1,6,1,6,4,9,7,1,8,8,2,2,7,7,9,3,6,4,3,3,8,4,4,5,6,8,1,1,7,3,8,2,1,9,10,2,4,5,3,6,6,3,2,8,10,10,9,4,5,1,3,3,8,3,6,1,9,6,2,2,8,5,5,4,2,8,3,8,9,6,9,3,9,7,2,6,10,9,9,8,9,7,1,10,10,9,5,9,3,2,10,6,7,8,10,8,8,1,1,4,3,3,8,6,3,6,8,6,6
Jameson,3,5,10,4,2,3,4,10,3,7,9,2,4,3,3,1,8,6,5,4,4,8,7,7,5,4,3,5,10,2,3,10,8,10,4,6,9,7,9,4,8,9,5,7,9,4,3,1,3,6,3,3,5,5,3,8,4,6,6,5,4,8,1,3,3,4,6,7,1,7,6,4,10,4,8,5,8,1,7,6,1,6,7,2,1,8,3,1,4,8,8,4,3,9,5,4,9,3,5,7,9,6,4,8,1,1,9,4,3,5,9,1,5,1,7,8,9,7,9,4,3,5,8,9,2,4,1,2,9,3,10,2,3,7,8,3,4,4,6,2,8,4,2,7,1,7,1,8,6,9,6,8,9,8,5,9,9,1,7,9,5,2,9,9,8,3,2,4,7
Robert,7,10,6,2,10,10,3,5,3,2,7,3,5,6,4,4,2,7,10,8,2,7,9,5,2,9,1,9,7,3,10,10,3,8,6,1,2,6,4,5,1,7,2,5,8,1,8,10,9,1,8,1,10,7,8,6,7,5,4,4,6,6,7,2,9,7,5,9,1,3,2,9,9,4,6,4,2,4,2,1,9,3,7,2,6,1,3,1,1,4,4,10,4,7,2,3,8,7,1,9,8,6,9,3,9,2,4,9,1,5,5,1,7,6,2,8,9,2,6,4,1,6,5,2,3,2,8,8,3,6,6,10,4,1,6,6,8,1,1,10,10,10,6,2,9,10,4,3,9,7,10,5,5,10,2,3,10,8,4,8,10,5,8,10,5,3,10,6,8
Greyson,3,10,1,6,9,9,3,2,10,1,8,3,2,10,9,6,8,1,1,9,9,5,2,2,3,5,7,4,9,2,4,5,8,1,8,8,4,6,9,9,4,4,4,2,3,7,2,1,6,9,3,6,6,9,3,7,6,1,7,8,7,4,8,3,6,9,1,9,4,6,7,2,2,7,9,8,1,7,3,6,7,5,5,10,9,6,10,6,9,7,7,7,2,1,4,5,9,9,2,5,2,1,3,10,8,2,10,10,4,3,1,7,1,7,8,9,2,5,9,7,6,10,2,5,9,7,8,8,10,8,6,3,3,2,6,10,1,6,3,8,1,3,9,5,8,6,5,10,5,3,3,1,10,5,3,5,7,7,8,3,9,2,6,4,10,6,7,8,2
Jordan,5,5,10,1,7,7,5,4,4,1,6,5,8,4,5,10,1,1,5,8,5,5,9,2,4,3,7,10,7,6,8,6,9,7,7,7,5,6,6,6,2,7,2,8,7,8,3,4,1,2,1,5,1,5,3,2,3,8,5,9,4,9,4,8,1,6,10,5,3,7,1,9,6,8,2,1,9,2,4,1,5,2,10,2,1,7,5,7,2,4,5,8,5,7,7,6,6,10,1,4,10,10,3,9,10,8,3,10,10,10,5,7,10,10,2,5,6,8,4,10,10,8,1,9,1,3,10,3,1,4,1,10,9,8,7,2,9,1,2,9,3,9,10,8,9,10,3,8,1,8,10,9,7,9,2,8,8,9,10,6,5,4,7,2,9,2,4,9,2
Ian,4,9,8,3,3,9,3,4,10,2,5,6,4,3,5,4,7,3,2,2,9,9,4,2,8,5,10,3,8,1,9,8,3,6,10,1,6,10,6,2,8,1,9,7,7,1,9,1,2,3,2,2,7,3,5,8,8,1,2,3,3,8,3,2,9,9,8,9,4,9,5,7,4,3,2,1,6,6,6,5,1,10,2,2,1,9,3,2,7,9,9,1,6,1,9,8,6,6,3,5,8,3,4,4,5,8,4,3,9,3,2,5,1,3,4,6,7,7,4,4,6,8,3,10,8,7,7,7,3,9,9,8,2,4,9,10,2,10,8,3,2,7,9,10,8,5,1,7,10,5,3,8,4,10,8,3,5,7,3,6,2,2,9,8,2,3,3,9,2
Carson,3,9,5,2,6,1,9,9,2,8,8,4,6,5,7,8,3,7,3,6,4,5,10,4,6,4,6,7,1,4,7,3,4,5,10,1,1,2,4,3,9,9,9,3,2,5,8,6,2,7,2,7,2,10,3,9,7,6,8,7,5,2,7,1,10,1,9,9,5,5,6,6,5,9,1,8,8,9,5,2,9,5,4,9,7,4,4,2,3,5,9,2,9,3,8,6,9,9,5,7,6,2,4,10,2,9,5,5,4,8,5,4,8,6,3,5,8,1,9,10,3,2,7,3,8,1,8,3,7,10,2,8,2,7,4,4,5,10,4,7,10,7,2,5,7,1,6,9,10,8,1,10,9,2,8,7,1,4,3,5,9,7,10,4,9,7,3,9,2
Jaxson,4,4,10,9,1,8,4,3,7,4,7,10,10,2,8,8,10,4,8,7,10,3,4,2,9,2,10,1,9,1,3,3,8,10,4,2,4,1,2,6,9,1,7,1,6,2,6,6,2,10,5,10,1,5,1,7,9,9,3,7,2,6,7,7,7,5,3,2,10,6,2,4,8,1,4,6,5,10,4,2,7,2,5,1,8,8,7,1,9,10,10,6,5,5,5,1,7,7,3,1,5,3,3,6,2,4,6,10,9,6,6,3,5,5,9,2,7,10,4,2,4,4,1,8,1,2,1,10,8,8,8,2,8,9,5,8,6,3,2,2,9,1,2,9,5,1,6,9,3,2,9,7,10,10,7,7,4,7,9,10,5,3,1,6,2,9,10,9,2
Leonardo,7,6,9,6,5,10,8,1,9,6,9,2,4,1,7,5,6,10,9,5,3,6,7,10,9,10,5,7,5,1,2,9,2,10,8,5,8,1,2,7,8,10,4,3,4,2,9,7,5,1,1,3,10,1,3,10,3,8,9,2,7,9,1,10,2,1,3,3,5,7,2,10,2,1,3,6,5,4,4,1,3,7,3,9,8,9,7,5,10,4,6,9,2,3,4,6,5,1,10,5,10,6,10,6,8,10,7,10,5,8,5,7,6,1,3,2,4,4,7,5,1,7,3,5,8,8,8,10,10,4,5,6,8,2,7,9,10,10,3,9,10,9,9,1,9,2,3,2,6,8,9,1,1,2,9,9,1,10,3,5,10,5,3,9,4,7,4,2,6
Nicholas,1,4,9,9,1,8,4,5,10,2,2,2,5,9,1,1,6,4,2,9,3,5,10,8,6,10,3,10,3,2,3,3,7,2,2,2,3,10,1,1,2,10,4,2,3,2,4,8,9,9,4,1,6,10,1,8,7,4,7,1,1,5,3,7,10,6,10,3,7,7,3,6,2,9,5,6,10,4,7,7,10,8,2,8,9,5,3,8,7,4,1,6,7,10,8,1,4,2,7,6,9,8,10,2,6,6,1,6,4,10,3,3,6,8,7,10,9,1,3,2,1,1,4,3,7,9,9,6,1,6,7,8,10,1,7,2,3,5,3,3,7,6,4,3,7,3,10,2,1,10,3,2,5,7,10,10,5,2,10,4,6,7,2,5,5,10,10,1,3
Dominic,4,4,1,10,1,7,3,5,2,6,2,10,4,9,7,1,5,2,9,7,4,1,4,7,8,2,5,5,8,3,3,5,2,3,8,3,2,10,1,7,2,7,2,7,6,1,7,7,2,8,1,9,3,2,3,9,10,3,5,3,10,9,7,5,5,9,8,5,9,10,10,3,4,7,2,2,2,5,1,1,4,3,5,6,7,2,6,8,6,10,10,9,9,2,8,10,4,7,5,4,3,1,5,10,6,4,2,5,4,10,4,7,2,9,1,10,7,6,1,8,4,10,9,5,4,4,1,4,9,1,4,1,1,1,8,6,1,4,2,3,1,5,10,7,3,2,6,6,6,3,1,8,8,4,3,4,4,3,4,5,6,5,3,9,7,2,1,9,2
Austin,7,4,7,10,1,9,6,5,9,8,2,1,4,2,5,8,5,1,9,6,8,2,5,1,6,10,8,10,9,2,6,2,4,2,2,1,6,10,5,1,3,9,4,4,6,4,8,9,5,7,8,8,7,7,9,6,6,7,6,2,2,10,6,10,7,6,10,5,2,2,1,8,4,6,2,9,5,10,1,2,9,6,9,3,8,9,6,10,6,8,10,4,3,10,9,6,9,9,7,1,5,2,1,4,2,8,6,3,9,8,9,5,8,4,2,4,9,8,9,8,9,9,1,7,3,1,10,4,7,3,10,4,5,7,9,6,2,5,10,5,4,2,6,7,9,6,2,1,8,10,1,1,6,7,3,4,7,2,1,1,5,9,6,8,2,8,4,7,9
Everett,6,5,4,9,10,4,9,6,8,1,7,6,9,5,2,9,8,7,2,7,8,2,7,5,6,3,10,4,5,5,7,7,8,3,1,4,8,3,4,1,5,10,9,7,10,8,2,10,9,4,4,10,5,9,8,4,9,4,6,2,9,2,8,1,6,4,1,8,7,5,3,2,9,7,1,10,8,9,3,5,10,4,4,8,9,2,6,9,6,10,8,5,10,8,3,9,10,6,9,5,5,3,6,5,9,8,4,3,4,7,9,6,8,6,1,2,10,10,6,9,9,6,2,10,4,3,6,9,3,8,4,9,9,4,1,4,3,5,1,5,7,3,3,10,10,7,1,1,3,10,7,2,8,7,10,8,6,6,7,2,3,3,2,10,1,1,7,4,10
Brooks,1,4,4,8,7,6,8,5,5,6,7,6,8,4,7,2,1,2,6,8,4,9,8,7,4,1,9,8,7,5,7,3,6,5,1,9,6,3,1,9,3,9,5,5,7,1,8,4,2,4,4,9,4,4,3,10,1,1,10,3,7,3,4,1,6,3,7,6,2,2,6,8,5,2,4,3,7,6,8,2,8,10,4,6,7,7,8,6,10,4,6,7,7,6,5,3,5,9,1,3,8,6,10,1,3,6,9,3,8,5,4,9,2,10,3,1,7,1,2,6,2,10,8,1,10,5,7,5,3,7,2,3,1,7,10,5,9,8,6,4,3,8,1,10,9,3,4,10,2,10,4,6,3,8,10,6,8,5,5,5,3,1,9,8,10,9,8,9,9
Xavier,3,6,4,8,3,4,9,9,8,3,5,5,5,4,9,5,3,10,1,5,6,4,6,2,3,10,1,9,8,5,7,9,8,2,5,6,10,2,9,7,8,3,9,3,2,5,7,8,5,8,4,4,9,7,4,7,6,3,5,3,5,1,8,9,4,4,5,5,1,4,6,4,9,5,2,5,9,2,1,4,9,10,3,7,4,7,1,8,10,4,6,8,8,7,2,5,3,9,6,10,1,4,1,2,7,3,9,3,5,4,8,9,10,10,7,4,1,10,5,7,1,9,2,2,8,10,4,8,3,4,7,6,7,4,6,5,2,7,10,7,4,4,4,3,1,1,3,2,6,1,5,8,8,9,8,6,5,8,9,5,9,6,1,8,9,5,9,5,8
Kai,8,1,9,10,2,10,5,2,7,3,9,7,10,1,5,5,1,3,9,6,7,8,8,9,5,6,9,9,8,10,6,4,7,10,6,7,7,8,2,6,6,7,9,5,8,8,1,6,10,6,7,7,3,7,5,5,4,1,5,9,9,10,2,9,7,7,4,9,8,5,6,3,6,9,3,7,1,7,5,3,7,2,1,4,2,1,5,6,7,4,1,7,1,8,9,9,4,4,7,1,9,6,2,1,2,5,1,7,6,1,1,9,3,3,4,8,5,3,3,3,8,9,10,6,4,2,9,3,10,3,4,4,7,6,1,10,6,5,4,3,2,4,6,4,8,6,10,2,6,6,6,7,9,8,10,5,7,1,2,8,3,10,1,8,10,10,9,10,7
Jose,9,8,2,7,2,3,7,7,10,1,7,8,3,2,7,1,6,6,6,7,1,9,4,4,6,2,8,6,9,7,7,5,7,6,4,8,5,7,4,10,7,2,1,7,10,10,5,6,4,3,8,8,4,10,1,9,1,4,6,1,4,9,10,7,10,8,3,7,1,3,3,3,3,3,4,1,4,7,3,6,6,6,8,10,1,1,3,7,7,6,3,2,2,2,5,1,10,4,3,9,9,1,8,3,10,7,9,7,5,2,6,7,3,8,10,2,5,2,9,9,10,6,8,8,6,4,9,4,9,2,3,5,7,8,8,5,7,6,5,6,10,6,9,6,2,8,7,4,7,2,6,10,2,1,10,1,3,10,10,5,8,3,4,8,6,7,10,2,2
Parker,9,10,7,9,5,4,2,10,3,10,4,1,6,2,4,8,3,9,7,9,5,7,2,8,1,3,9,4,5,8,5,4,1,7,4,1,5,5,7,6,6,10,6,10,5,4,7,1,3,2,1,4,7,5,10,7,2,1,10,7,2,4,1,6,3,6,3,1,10,2,5,7,10,10,6,5,6,3,1,5,3,3,7,4,10,4,2,10,8,4,9,1,3,3,6,2,8,2,8,10,2,6,8,8,4,8,9,9,6,1,2,4,10,5,4,7,8,2,2,5,7,2,4,9,7,2,6,9,6,2,2,3,8,6,10,1,3,1,2,8,6,6,6,7,2,1,5,8,2,2,1,4,5,6,7,2,10,1,4,10,3,1,5,7,3,9,7,1,1
Adam,5,5,4,9,7,1,9,6,6,1,5,1,4,3,10,6,4,8,1,3,9,9,2,8,7,3,8,8,6,4,7,5,2,4,10,3,9,5,4,9,2,8,5,7,6,6,3,7,3,6,7,6,8,4,2,8,9,6,8,6,3,2,1,6,6,6,5,10,10,1,5,2,4,1,6,9,8,4,7,5,2,1,10,2,8,2,10,4,5,4,1,1,10,8,1,6,3,4,7,1,3,5,8,6,2,1,5,9,3,1,8,10,3,8,4,4,1,9,7,6,1,3,7,5,6,7,6,1,8,5,5,10,9,2,3,7,6,7,9,10,9,2,10,7,10,9,7,6,4,7,10,1,6,9,4,3,10,7,2,4,1,9,2,9,10,7,1,5,6
Jace,6,5,3,2,7,8,1,6,8,2,2,3,3,3,5,2,1,9,4,1,3,5,4,10,10,5,2,2,7,10,1,9,1,7,4,10,3,1,6,8,6,5,6,7,10,8,3,5,7,1,4,6,6,3,6,1,8,1,5,2,6,8,2,1,4,10,9,1,4,5,8,1,3,8,10,2,4,8,3,2,3,2,4,9,8,4,8,7,1,2,3,5,9,5,2,5,2,10,3,1,3,7,8,1,5,9,4,1,5,2,5,10,8,8,10,2,8,1,8,8,4,6,7,4,4,2,9,1,10,6,4,7,8,4,9,10,10,9,4,5,5,4,10,5,8,2,9,7,4,10,1,10,10,1,4,1,5,4,3,7,8,6,3,8,3,5,9,9,2
Wesley,8,7,10,6,1,10,2,10,7,6,7,9,7,7,1,3,3,3,8,5,3,9,8,8,8,2,1,6,5,2,2,1,3,3,3,10,7,9,9,10,1,1,9,9,8,4,7,6,10,7,9,1,1,3,9,1,2,8,7,2,9,8,4,10,1,1,8,2,8,9,9,10,8,1,4,8,2,3,3,10,7,1,4,8,3,9,10,3,1,9,2,4,5,1,1,8,7,4,8,9,1,6,5,1,9,9,8,8,5,2,10,8,10,7,3,5,7,9,8,4,9,5,6,7,1,7,8,6,7,1,10,7,1,8,5,2,2,7,7,10,8,4,3,1,2,8,3,8,3,2,4,10,3,3,6,7,2,3,2,7,3,2,5,8,9,2,10,2,4
Kayden,7,3,5,2,3,5,7,3,1,7,3,7,2,5,4,6,9,3,9,6,1,5,4,7,6,1,1,2,7,8,7,7,6,3,2,5,9,2,7,6,3,9,6,6,4,10,1,6,6,9,1,6,7,10,3,7,10,4,2,1,4,9,10,5,7,9,2,8,1,2,1,6,2,10,6,7,7,2,4,6,8,8,1,3,4,10,10,7,1,7,6,3,6,7,3,7,7,3,3,7,10,1,2,6,2,6,6,10,9,3,5,2,6,4,1,7,7,2,4,10,8,4,8,3,1,4,5,5,7,4,8,4,6,1,8,4,10,10,8,2,4,8,6,7,6,3,3,6,8,2,3,1,1,9,10,7,3,7,2,9,6,1,9,7,10,4,1,10,8
Silas,4,5,9,1,8,4,6,8,9,9,10,2,4,1,7,9,5,9,8,9,1,5,5,1,10,5,5,4,9,7,2,6,8,2,10,4,2,9,7,1,10,1,3,6,8,10,8,9,6,8,5,8,5,1,5,10,10,5,9,10,6,6,7,2,5,5,3,9,10,9,1,6,8,9,4,6,10,3,10,8,7,1,1,8,3,10,4,1,4,9,9,6,10,1,9,9,3,4,3,1,2,10,6,1,10,6,8,2,9,2,8,8,9,2,6,4,2,9,9,3,8,4,4,10,9,9,7,3,10,5,2,8,5,7,7,10,6,9,7,8,6,6,2,7,2,6,7,3,5,10,4,5,10,1,2,9,9,1,9,5,4,7,8,8,5,7,2,5,6
Bennett,7,3,3,10,9,6,5,1,4,7,5,5,2,10,5,1,4,4,6,8,7,8,8,3,8,2,1,1,7,5,2,6,6,10,8,3,8,2,1,2,5,3,10,9,9,9,9,5,3,8,6,8,7,10,6,4,4,2,7,7,9,9,2,2,7,5,7,7,9,9,5,7,5,10,7,3,10,6,1,2,7,9,10,3,3,9,9,7,7,5,7,7,9,9,5,7,10,7,3,5,3,6,8,6,7,2,6,10,2,5,5,7,6,2,2,9,10,8,10,5,8,10,3,10,10,10,3,10,4,3,2,7,4,1,10,10,3,1,10,10,8,3,4,6,7,8,5,9,1,1,4,7,4,9,6,9,10,6,8,8,2,7,6,5,2,10,3,8,3
Declan,1,1,3,6,10,10,2,4,7,10,1,4,7,2,1,7,5,3,9,1,1,4,2,10,5,10,5,9,9,4,2,2,5,2,5,1,4,4,10,4,4,4,9,2,3,4,7,6,6,3,1,3,1,6,5,10,5,8,8,4,4,7,8,1,7,9,5,7,10,6,2,8,7,10,8,8,3,6,5,7,9,3,4,1,6,3,4,10,3,9,3,7,9,9,1,10,2,4,2,8,3,1,6,6,3,10,6,3,9,5,3,5,9,7,6,2,6,6,6,1,4,5,5,2,1,5,3,5,10,2,9,4,7,6,4,4,4,3,5,6,6,6,6,3,4,9,5,1,3,8,3,7,2,9,4,1,9,4,3,3,8,10,4,3,1,5,10,3,5
Waylon,4,7,10,1,4,6,4,6,9,9,3,2,5,6,8,6,7,6,6,10,10,1,8,1,6,3,5,6,8,5,4,7,9,8,6,2,8,7,4,10,5,7,2,2,7,6,1,7,10,4,2,10,5,5,3,7,8,10,2,2,1,4,8,2,5,7,8,6,5,7,10,2,2,2,9,9,3,6,3,8,7,9,2,5,7,7,3,7,2,9,5,7,2,4,2,9,9,9,10,10,9,9,2,6,2,3,2,6,9,1,4,1,10,2,9,8,3,5,5,2,10,6,7,4,2,1,6,4,6,5,2,4,7,7,4,2,8,6,2,9,1,7,5,3,5,2,1,4,3,5,9,5,1,7,6,2,7,10,10,8,6,7,8,2,6,3,7,8,10
Weston,4,6,8,2,10,3,1,6,7,3,9,6,3,10,1,9,6,1,3,6,7,10,7,10,3,10,8,4,3,9,3,6,6,3,8,4,9,5,8,5,9,4,3,6,10,3,9,1,9,5,5,9,1,7,1,4,3,4,1,5,5,4,4,7,5,6,7,6,6,6,7,1,5,9,1,6,6,9,2,5,5,5,9,5,9,5,1,5,3,9,8,10,7,6,7,10,7,7,10,2,4,9,7,10,1,7,3,2,3,7,7,5,1,10,7,1,4,9,4,3,6,1,9,4,2,8,6,7,2,7,2,9,1,8,8,1,10,1,8,10,5,2,10,3,1,8,4,2,8,5,7,4,7,4,4,9,6,9,8,4,8,1,10,3,7,3,5,10,4
Evan,1,9,6,8,1,10,6,9,2,9,5,7,10,4,10,6,2,9,3,3,7,1,2,4,2,9,6,10,6,6,9,4,1,10,1,7,7,3,3,7,3,10,4,2,7,9,7,4,6,4,7,7,8,8,7,3,9,1,6,5,5,4,1,3,8,3,2,3,2,3,6,4,7,7,10,5,8,4,6,3,7,3,10,2,10,10,10,2,6,10,5,5,3,9,1,9,2,9,7,1,2,4,2,6,4,1,6,5,10,4,6,6,2,4,1,3,7,9,4,9,2,2,10,5,1,5,3,3,10,4,1,2,1,4,9,7,9,6,3,5,1,9,2,3,4,6,6,7,7,3,4,2,4,1,4,10,4,9,10,10,1,10,3,5,5,5,1,5,3
Emmett,5,2,10,4,8,2,5,6,4,10,10,5,8,4,8,5,7,9,10,1,6,6,8,8,9,1,2,3,9,10,10,5,4,5,6,6,9,9,8,6,5,8,4,8,4,2,6,1,3,6,7,2,10,8,7,8,1,8,5,3,7,5,4,7,6,5,7,2,7,10,4,7,4,2,2,10,5,8,2,3,9,6,8,4,8,1,9,5,5,8,6,7,7,2,2,5,1,7,5,6,10,3,7,6,5,7,9,1,8,8,1,9,7,4,3,1,2,9,2,5,10,4,8,4,10,3,5,1,2,4,4,8,10,5,4,4,5,9,2,3,1,6,1,9,10,3,6,9,9,9,3,1,2,2,8,1,1,9,1,7,1,8,6,1,1,4,8,6,7
Micah,8,3,9,10,10,10,1,4,2,3,5,5,7,8,4,2,1,7,5,6,9,4,7,5,9,1,5,7,4,1,7,4,10,3,1,9,1,5,1,6,8,10,7,3,2,4,4,2,2,4,6,4,7,7,7,8,10,8,2,6,4,8,7,4,10,2,3,6,3,8,3,2,2,3,5,2,2,5,7,10,6,1,2,2,7,2,10,5,9,5,8,10,3,9,6,10,4,10,8,4,3,2,9,5,4,2,4,5,4,10,4,9,8,5,5,4,1,5,8,9,4,6,9,3,3,2,10,9,2,5,2,3,8,8,5,2,4,7,2,5,1,6,9,1,6,10,4,7,2,10,6,7,8,2,1,8,2,3,8,10,8,7,9,7,5,9,3,6,3
Ryder,10,10,10,9,6,8,8,6,3,1,2,3,3,1,6,5,8,4,10,4,4,5,8,3,6,4,1,7,8,5,6,2,7,7,6,1,9,3,2,4,3,10,4,9,1,3,6,7,5,8,1,5,6,9,1,1,5,10,1,2,3,9,10,7,1,8,3,9,9,3,5,10,2,10,4,4,9,10,6,3,6,10,8,7,3,3,8,5,3,9,3,7,1,2,4,10,8,5,10,3,6,6,6,4,2,6,10,1,2,5,5,3,2,3,2,1,8,5,1,6,8,2,7,10,9,1,10,5,3,3,3,3,10,1,3,9,3,4,10,5,6,3,5,2,6,4,3,9,4,6,2,2,7,10,8,3,9,7,1,3,9,9,9,5,1,2,8,10,5
Beau,10,8,3,1,8,5,9,7,2,8,6,8,9,3,6,1,7,8,9,8,6,4,7,6,7,2,6,10,8,9,8,10,1,10,2,3,9,9,10,8,2,7,10,4,3,1,5,7,9,1,9,8,4,1,4,2,6,4,5,8,2,10,7,8,7,1,5,4,9,8,4,4,5,1,4,3,3,4,5,4,1,10,4,6,6,10,8,6,1,10,2,9,7,9,2,4,1,3,1,8,6,1,1,5,4,1,6,5,5,8,1,2,2,3,3,4,9,4,7,7,5,3,10,7,7,9,2,2,6,2,10,1,10,5,10,7,1,5,9,8,2,4,9,10,2,8,3,2,3,3,3,5,4,6,8,6,10,5,1,3,4,2,1,9,4,8,1,9,2
Damian,4,1,7,5,3,10,4,5,4,6,5,2,4,1,6,9,1,10,4,4,7,8,4,3,9,6,6,7,3,4,3,4,7,7,2,7,10,4,1,8,9,5,4,6,9,3,7,2,9,2,5,7,4,10,2,10,1,8,3,2,9,7,3,4,9,9,4,2,3,3,3,8,8,5,8,10,3,9,6,8,3,2,7,1,6,10,10,8,7,6,9,5,4,7,2,5,3,3,4,4,3,5,3,4,7,7,3,7,2,8,5,5,2,3,7,3,4,5,1,6,8,8,1,2,5,1,1,3,2,10,2,5,8,10,4,2,6,4,1,8,5,8,4,10,9,2,9,7,2,7,1,6,7,1,6,9,6,3,2,8,10,8,9,1,10,3,9,5,7
Brayden,5,2,10,1,8,4,6,8,5,8,6,1,10,2,4,5,1,5,4,3,1,9,4,9,1,9,2,8,2,6,7,8,2,2,8,1,5,2,4,10,7,8,5,5,8,4,1,7,8,8,3,6,3,10,8,4,3,10,2,7,3,4,2,1,6,4,10,8,4,3,2,4,6,8,4,9,4,1,3,5,4,5,1,1,10,8,6,9,2,10,7,6,4,1,7,3,5,7,9,10,8,3,5,5,1,3,1,1,1,2,8,6,9,3,2,7,7,3,4,4,4,3,10,4,7,6,10,6,10,4,8,4,3,6,10,8,5,8,9,10,5,3,10,9,7,2,7,10,1,8,10,8,6,1,1,5,4,8,10,7,6,9,10,8,7,4,2,2,9
Gael,3,1,5,4,1,9,4,8,9,7,8,5,4,1,9,9,10,8,6,5,10,7,3,6,8,9,9,3,3,5,9,4,7,9,1,2,9,9,9,1,3,4,6,5,7,2,5,4,5,6,6,5,7,9,1,4,9,1,5,1,10,8,4,3,7,4,9,10,9,5,7,7,3,9,5,1,1,1,2,10,9,7,7,9,7,10,4,9,5,7,8,1,2,9,4,3,4,1,6,1,10,4,9,3,7,10,1,8,5,7,10,1,3,8,5,4,1,3,5,5,5,4,9,10,3,9,2,8,7,7,9,10,5,2,1,5,4,5,5,8,6,5,8,2,8,1,6,1,8,7,1,2,5,10,1,7,4,5,7,5,8,1,6,7,6,5,1,6,9
Rowan,8,10,4,5,3,6,3,4,2,8,4,7,10,9,7,5,8,2,5,10,9,2,8,6,2,1,6,7,10,9,3,8,10,2,2,1,4,8,9,6,1,4,4,9,1,9,9,2,2,4,10,3,5,1,10,7,5,5,8,2,6,5,3,2,6,3,9,10,7,7,4,6,5,4,9,2,5,7,1,3,9,2,6,5,9,9,1,10,3,7,4,9,3,8,2,6,9,9,3,3,10,5,1,10,4,1,6,4,4,10,10,4,8,3,8,10,6,2,4,4,5,10,6,6,4,5,2,9,5,5,10,7,5,4,8,6,4,5,8,4,10,4,4,9,5,4,5,10,1,5,4,2,10,8,6,4,9,4,9,4,3,4,3,2,6,1,6,6,7
Harrison,4,1,3,4,8,1,4,8,7,9,10,1,9,8,5,5,10,3,4,8,1,1,9,10,10,10,10,1,3,5,6,6,10,6,1,6,6,1,9,3,3,5,6,7,3,1,5,7,9,9,1,4,3,7,8,7,1,2,9,6,8,2,6,9,1,10,10,2,9,9,5,10,5,4,10,6,9,6,9,3,7,1,1,3,6,9,4,1,9,9,2,9,2,4,3,9,10,6,3,9,7,9,8,1,5,2,9,1,9,9,4,5,6,3,4,8,9,9,8,7,5,5,5,6,3,8,7,10,6,5,2,6,9,8,8,9,6,2,7,5,10,4,1,1,5,7,9,10,5,1,2,6,10,2,1,1,8,7,1,6,1,5,10,6,7,3,7,8,1
Bryson,7,7,7,5,6,9,2,7,8,9,5,6,5,4,8,4,9,3,5,7,2,9,2,5,6,2,4,8,9,4,6,6,7,5,3,6,7,2,3,8,5,9,6,6,8,5,4,1,8,6,10,6,5,9,8,7,7,5,5,9,1,2,9,3,7,3,1,9,6,1,6,8,1,1,5,5,6,1,5,10,8,1,2,4,5,4,4,6,7,4,6,2,5,2,8,8,9,9,4,8,3,3,3,8,3,4,1,3,2,4,3,9,6,8,10,9,8,5,3,9,5,2,5,7,9,7,3,4,3,9,7,4,10,2,3,4,7,10,1,7,10,4,2,6,9,3,9,7,9,3,10,9,9,1,6,6,8,2,10,4,3,5,2,6,7,4,5,10,5
Sawyer,3,4,10,1,2,2,1,4,2,8,8,5,5,7,1,7,9,6,3,6,10,10,1,6,7,9,2,9,8,8,8,8,3,5,4,4,1,8,1,2,3,5,8,1,7,2,9,8,6,1,8,2,2,10,9,8,7,6,9,4,6,4,7,2,7,1,10,9,1,3,9,7,9,4,3,3,10,3,8,4,1,3,5,8,9,4,8,7,1,2,2,1,7,4,5,5,2,7,6,1,9,6,8,2,2,9,1,4,9,4,3,3,4,1,6,8,1,9,8,8,3,1,3,1,1,3,9,4,2,2,2,2,7,4,4,9,6,1,10,1,8,6,5,7,10,5,10,5,4,7,8,3,2,7,6,6,4,7,5,4,9,6,5,4,9,2,7,8,6
Amir,5,9,10,3,3,3,9,1,8,4,1,9,9,4,2,5,1,4,1,5,9,5,5,6,6,7,3,1,6,6,1,1,4,2,9,4,10,2,4,3,6,6,10,1,1,7,5,7,5,8,2,7,8,3,2,5,2,6,6,1,6,7,9,10,1,2,10,6,8,4,5,1,3,9,7,9,1,1,10,6,5,10,4,7,3,7,4,6,10,6,4,1,4,4,8,3,4,10,6,10,5,5,6,2,5,3,4,4,5,7,7,2,5,10,10,4,3,5,8,5,9,4,6,8,5,3,9,4,4,1,7,10,4,5,9,3,1,1,3,6,7,8,4,6,6,1,7,4,6,10,10,10,6,7,7,2,9,10,3,6,5,6,10,9,1,9,4,3,9
Kingston,9,2,1,7,5,8,7,2,9,1,7,4,5,4,7,2,9,5,4,10,2,8,4,4,10,2,1,4,9,2,5,1,5,7,8,6,8,7,10,5,2,10,5,4,4,3,9,10,4,8,5,4,5,3,4,10,2,10,2,3,10,1,6,1,7,1,7,8,7,6,6,5,9,8,6,1,3,10,7,8,7,8,1,1,3,5,7,4,10,3,6,1,5,9,9,3,1,8,7,3,6,10,6,9,9,4,3,3,5,6,3,1,5,4,8,10,8,9,4,1,3,1,3,4,7,7,6,5,8,9,2,1,4,10,6,4,9,5,10,6,9,1,6,4,10,9,3,10,8,9,1,4,10,2,10,8,2,9,10,7,5,8,1,7,3,4,9,4,5
Jason,5,1,5,6,4,2,4,8,3,3,4,4,7,5,3,4,7,4,9,2,8,9,5,2,4,1,10,2,5,7,2,5,6,5,3,2,1,2,7,5,6,3,10,7,6,4,9,4,8,3,1,3,7,10,5,7,10,9,8,2,6,10,5,8,2,1,6,6,3,7,6,3,2,8,6,10,4,6,9,3,10,3,4,6,2,9,9,6,9,4,8,9,6,1,7,3,8,6,3,5,2,2,6,5,9,4,5,6,8,3,4,8,5,8,8,8,6,2,5,1,4,9,9,4,7,4,5,8,3,9,10,10,4,1,4,2,7,6,10,4,4,10,7,4,5,8,6,7,2,7,5,6,7,9,4,4,4,3,9,9,6,5,5,1,5,4,3,6,10
Giovanni,1,10,10,5,10,4,3,10,10,1,9,3,4,7,1,3,1,10,6,1,1,3,10,5,4,2,9,9,2,8,4,2,1,3,9,4,6,1,4,1,10,7,2,9,2,3,8,5,5,1,6,7,10,8,8,1,10,8,8,4,4,3,1,4,9,9,3,8,5,1,10,6,9,9,10,7,6,8,8,1,2,3,10,10,2,5,8,10,10,1,8,1,2,4,9,10,6,9,9,7,3,3,8,1,2,2,8,2,4,1,1,5,1,8,7,1,2,4,3,2,1,10,5,2,4,2,4,5,3,5,3,1,7,2,6,7,7,10,3,4,5,6,1,5,5,1,6,5,3,9,7,9,2,8,6,7,6,6,10,5,6,10,9,6,5,5,3,1,4
Vincent,6,9,6,8,4,3,1,4,8,4,3,9,6,3,5,8,6,2,6,10,10,7,8,6,3,8,6,3,9,2,3,8,1,3,4,1,3,7,6,7,1,8,7,2,1,4,6,2,8,10,3,1,10,10,2,3,1,10,4,5,4,4,8,3,1,10,5,3,7,5,1,10,9,10,2,3,1,7,2,10,7,6,9,6,8,9,8,9,6,9,8,9,1,5,4,9,8,4,2,8,5,9,3,6,9,6,9,8,2,8,7,8,3,10,10,2,9,8,7,6,7,10,4,2,3,9,5,9,10,2,4,8,4,9,5,8,6,3,8,9,1,2,3,4,6,8,7,5,8,3,2,4,10,3,9,8,9,1,2,3,9,3,6,6,6,2,10,7,1
Ayden,6,7,9,7,6,5,2,1,9,2,10,2,8,9,5,3,4,3,9,7,5,1,10,7,10,6,6,2,6,9,7,3,7,6,6,5,4,3,6,9,3,2,7,6,1,2,1,9,6,10,3,10,4,5,8,4,8,3,3,3,6,8,8,3,2,7,6,5,5,10,6,2,1,2,1,4,8,5,8,2,8,10,9,1,8,4,9,3,8,3,8,8,7,4,2,5,8,7,10,3,3,5,3,3,1,4,10,3,7,7,4,5,9,8,1,6,10,8,7,1,2,6,7,9,4,8,5,6,7,7,9,1,5,7,7,2,2,7,1,5,1,10,4,6,7,4,7,2,7,10,2,8,2,3,7,9,6,4,4,5,3,2,1,1,2,2,2,6,1
Chase,9,7,3,2,10,7,7,7,8,9,1,8,10,5,3,3,2,4,5,2,8,5,2,3,5,2,5,1,2,6,4,5,8,1,8,1,3,7,2,10,1,9,7,4,3,1,1,7,8,5,5,4,2,9,5,6,3,7,7,1,3,2,10,9,7,2,6,7,5,2,6,5,3,10,2,3,7,3,1,2,8,7,8,5,8,4,5,8,6,4,4,7,7,1,9,5,7,8,7,8,6,10,1,5,5,3,2,4,4,3,2,5,7,3,2,6,9,3,7,3,7,9,3,6,3,10,1,5,6,6,6,8,5,8,8,8,9,3,4,6,4,3,1,4,10,7,9,6,6,7,9,6,4,6,2,5,2,4,1,3,4,10,3,5,1,10,3,9,5
Myles,10,8,4,5,9,5,6,7,4,5,5,9,2,8,6,7,6,9,2,9,6,9,8,3,9,9,7,2,7,6,6,2,4,6,6,2,10,3,8,1,8,2,1,5,7,6,1,9,1,1,8,4,8,7,8,1,10,8,2,7,10,9,10,5,7,7,1,8,3,5,10,6,9,9,10,10,9,8,7,5,3,5,5,5,3,8,4,8,5,3,5,3,8,3,4,6,3,2,6,1,10,9,1,8,2,6,3,10,4,4,4,8,6,9,5,1,8,9,2,1,8,8,7,7,5,5,10,6,7,4,9,7,7,4,6,10,5,5,2,6,2,10,2,7,3,5,8,6,10,8,2,8,4,6,4,5,1,5,8,7,6,9,8,1,7,5,2,7,8
Diego,5,5,9,10,5,1,9,3,4,6,2,8,3,5,8,1,6,2,10,3,5,7,8,7,2,5,6,7,5,5,6,10,1,6,8,10,1,2,8,1,1,7,10,8,5,2,6,8,1,10,5,7,3,10,9,10,8,4,10,7,3,5,4,5,6,7,7,5,5,5,5,4,2,1,5,9,2,5,2,1,6,10,10,9,10,6,6,9,10,2,9,4,1,4,8,4,2,3,5,6,6,3,7,7,7,7,9,8,3,7,5,1,5,8,9,1,9,5,8,1,5,10,3,7,8,1,8,9,7,1,4,9,7,10,5,7,10,9,4,10,9,6,3,5,5,6,1,7,3,6,10,7,2,4,9,2,3,8,10,3,6,2,9,5,7,5,5,3,9
Nathaniel,6,8,8,1,3,5,1,4,5,7,9,10,6,1,9,9,3,3,4,8,6,3,3,2,7,4,9,3,10,10,2,4,2,10,4,7,8,2,8,5,1,7,10,9,2,10,4,8,8,8,4,4,2,5,10,7,2,9,6,4,10,9,6,2,5,9,4,10,2,4,7,5,2,6,3,7,9,4,9,5,7,5,7,4,2,10,7,6,9,5,1,1,5,9,4,2,2,7,4,4,5,8,4,1,4,10,3,9,1,3,5,2,10,1,4,4,10,1,3,6,3,9,4,7,9,4,9,1,7,4,9,4,2,10,3,4,8,6,3,4,3,1,4,9,1,8,4,10,1,4,2,9,2,9,10,10,9,6,7,1,7,6,9,10,8,5,5,9,5
Legend,2,1,6,8,1,9,8,2,7,3,2,5,8,8,5,10,6,6,3,9,10,9,4,9,5,5,1,4,1,6,7,8,6,3,5,8,3,5,2,7,1,2,1,9,3,5,3,3,7,1,6,10,3,5,9,2,7,2,6,4,10,8,9,1,8,8,1,8,4,8,2,7,8,5,10,9,1,3,6,2,3,7,1,1,9,8,1,1,9,8,1,7,2,2,5,8,2,8,8,10,1,4,10,7,6,6,4,8,4,9,8,9,9,8,5,6,7,1,9,10,5,10,7,7,2,8,7,6,10,7,2,8,8,10,1,2,10,4,7,4,5,10,7,6,3,1,5,2,8,1,4,3,4,1,3,10,4,1,8,1,4,2,7,9,8,8,8,7,5
Jonah,1,5,3,10,1,6,5,2,1,5,1,1,3,5,1,7,3,10,2,1,2,7,8,10,6,3,9,3,8,10,4,7,4,10,7,5,4,6,5,8,1,5,4,7,5,8,5,8,9,10,2,6,7,5,9,10,3,2,6,4,7,5,6,4,9,4,3,8,5,6,10,6,9,8,9,5,3,10,10,6,9,5,2,3,8,2,7,3,10,1,3,1,8,5,9,8,1,10,7,7,6,1,10,6,9,4,3,10,4,8,8,6,6,2,3,3,10,5,7,4,4,10,5,4,9,8,2,9,5,7,5,2,1,1,1,8,10,6,2,8,6,4,4,4,2,4,10,2,3,9,6,10,8,7,10,1,4,9,5,4,6,10,10,5,1,6,7,4,4
River,6,3,4,7,5,3,7,5,2,5,3,4,6,8,7,5,8,5,1,2,4,7,10,7,5,7,8,1,7,9,6,9,3,8,7,4,9,2,8,5,9,3,4,5,9,7,5,5,9,6,5,4,9,2,8,3,5,10,9,1,5,1,7,2,8,3,4,2,2,4,7,3,10,6,7,6,10,6,9,2,4,8,5,6,6,8,3,5,9,5,3,6,10,5,5,7,1,8,5,9,8,1,3,8,4,8,3,9,3,1,2,4,7,5,5,6,1,8,7,7,7,1,8,6,8,8,2,8,7,3,9,5,10,1,6,6,1,9,8,1,4,5,10,4,4,7,4,7,8,4,5,1,1,7,8,4,9,4,4,5,8,6,7,8,7,8,1,3,3
Tyler,4,3,4,1,2,3,10,7,8,6,7,1,10,2,6,6,10,4,5,10,9,8,5,2,9,8,5,10,8,7,3,5,1,7,4,2,2,6,8,9,8,7,4,6,10,1,10,7,7,5,8,4,10,5,7,4,6,6,3,9,5,1,8,6,9,5,8,8,1,7,6,4,6,8,8,3,5,8,3,10,10,10,5,5,5,3,8,9,8,3,5,1,10,3,9,1,3,1,5,3,7,9,3,1,3,8,9,10,4,3,3,3,4,1,1,8,8,5,9,9,10,5,7,7,4,2,7,5,8,9,10,4,10,5,7,4,8,4,9,7,4,3,3,6,9,8,1,8,1,7,8,2,6,5,10,6,5,6,2,2,3,9,1,8,2,5,3,9,8
Cole,9,9,5,7,4,10,9,1,2,4,1,2,6,9,5,7,10,5,1,5,7,4,1,4,2,1,7,1,3,3,2,3,1,10,1,10,4,7,6,9,4,2,9,7,2,7,9,9,6,7,3,6,1,1,1,7,3,1,5,10,7,7,3,4,6,9,3,4,7,2,8,5,8,7,3,10,2,7,9,10,8,6,6,8,7,3,5,2,10,8,5,4,8,9,8,9,4,10,8,3,8,9,8,2,2,6,1,6,3,1,8,1,5,6,8,1,10,4,4,1,2,3,2,8,4,4,9,1,8,6,2,8,8,5,6,7,3,7,9,3,1,7,5,8,4,7,6,2,4,3,2,3,3,1,3,10,5,2,7,8,3,10,7,1,3,2,8,7,7
Braxton,3,4,4,7,8,8,9,9,7,2,6,6,8,9,3,9,9,4,7,5,6,10,2,5,1,6,9,8,4,10,10,1,5,5,5,7,8,7,6,9,10,2,7,7,7,5,2,10,4,1,8,1,9,8,8,9,3,10,4,7,5,8,6,8,2,1,7,2,7,9,2,6,10,3,2,6,6,8,10,7,3,7,1,7,2,3,5,9,6,7,7,1,10,6,10,3,4,2,1,9,8,5,9,9,1,6,10,4,3,3,6,10,1,7,5,4,9,4,5,9,4,3,4,9,9,10,6,6,6,8,2,2,10,5,9,2,8,9,8,2,6,2,10,4,4,3,8,3,7,6,2,5,8,1,7,4,1,2,1,5,8,7,1,1,6,1,7,9,8
George,6,6,6,8,6,2,8,4,10,5,6,9,1,9,6,9,3,4,1,8,7,6,8,5,5,2,9,2,8,8,6,3,10,4,7,1,9,1,1,5,9,6,7,9,8,5,5,8,9,2,5,9,8,1,4,7,9,10,2,10,8,6,7,4,10,1,1,2,2,4,4,3,9,7,4,9,4,7,1,8,2,4,2,1,10,6,3,4,4,2,1,5,6,5,2,8,3,2,7,5,4,8,2,8,9,5,9,7,5,10,9,10,4,2,1,7,2,8,7,10,5,3,8,5,6,7,1,5,10,5,2,4,2,7,10,6,9,10,10,1,1,6,5,5,7,3,2,4,1,2,10,8,2,10,4,6,4,5,7,4,10,10,1,2,5,6,6,2,7
Milo,7,7,6,10,5,6,2,9,2,1,8,10,5,7,9,1,6,1,8,1,2,1,2,1,8,4,8,4,3,9,4,1,2,8,4,3,4,5,2,8,8,4,7,6,3,8,3,5,8,9,2,3,6,9,7,3,3,7,1,8,6,5,5,6,9,4,9,4,1,1,7,8,10,7,8,10,2,3,6,8,9,8,9,3,3,8,3,3,10,3,1,2,8,4,6,10,3,4,4,4,10,1,4,9,7,3,9,1,4,3,1,10,4,6,10,9,8,2,4,10,6,3,5,2,6,5,6,2,4,9,4,5,5,1,8,1,5,8,9,8,7,10,6,1,8,7,1,1,7,8,7,10,10,4,5,6,8,1,2,1,2,10,5,2,2,2,6,6,3
Zachary,9,2,4,7,8,1,4,6,5,4,6,6,5,4,4,5,2,1,7,6,3,1,7,1,8,7,4,2,1,2,3,8,4,3,8,4,9,10,6,9,5,10,3,6,5,3,5,6,1,5,7,8,2,8,10,1,8,6,8,8,1,5,8,1,8,3,3,4,2,1,7,3,4,10,3,6,6,8,4,3,5,3,5,3,3,8,6,8,9,9,9,5,5,5,8,5,6,9,4,5,9,8,7,7,6,9,5,9,5,3,2,6,6,5,7,3,4,1,4,7,5,7,6,7,6,9,1,5,1,10,4,10,7,10,3,10,4,6,4,10,5,2,8,9,2,9,6,5,8,3,9,8,7,6,1,1,6,4,2,6,5,10,1,9,8,6,5,7,8
Ashton,8,6,10,9,1,5,6,6,7,1,5,9,2,6,5,5,7,5,3,4,10,10,2,7,1,3,2,2,2,6,1,5,3,4,1,3,9,5,7,3,8,6,2,10,7,8,2,5,10,8,3,7,7,6,2,8,2,5,1,4,10,6,2,6,7,5,10,10,2,2,10,4,1,5,4,3,6,6,3,9,7,10,4,3,10,10,9,3,7,10,2,8,6,1,3,6,9,3,3,6,1,1,8,9,8,6,7,5,8,5,8,9,9,5,3,5,4,2,10,1,6,6,7,1,4,6,7,2,4,5,10,9,9,10,8,8,4,5,10,2,6,5,8,9,9,4,10,9,3,1,2,2,4,3,3,2,5,9,7,4,3,4,3,9,8,6,4,8,1
Luis,5,3,2,3,5,2,4,9,5,5,7,4,7,1,10,3,10,4,1,4,6,7,2,9,9,8,10,3,8,8,5,9,5,10,4,9,6,6,6,3,3,2,1,3,5,7,7,6,8,3,4,2,8,6,6,3,4,6,5,6,6,1,4,10,6,10,9,7,7,2,7,3,1,5,7,5,7,6,3,5,10,5,8,2,5,6,4,7,10,8,2,10,7,5,5,5,3,1,5,2,7,9,9,6,2,1,4,5,8,8,1,8,8,5,9,5,2,3,3,1,4,9,3,1,5,5,4,2,10,1,2,6,8,1,3,1,7,10,1,4,4,8,1,3,10,9,1,2,1,5,8,9,6,1,6,2,4,5,5,6,1,6,10,3,8,3,7,5,5
Jasper,6,6,7,1,10,9,9,1,10,4,6,3,5,3,6,9,6,10,8,10,4,4,8,10,9,8,1,8,2,4,3,4,4,2,5,2,9,5,10,8,2,10,10,9,4,9,9,2,7,10,5,2,8,6,9,8,8,9,8,9,4,6,5,2,5,6,5,4,5,3,9,6,6,8,2,6,5,3,7,1,7,8,6,8,6,1,8,6,4,3,6,9,6,3,1,7,8,2,10,1,3,5,8,7,9,1,6,6,10,3,1,4,2,7,7,8,9,3,3,4,2,5,9,3,4,4,8,8,4,10,6,10,7,8,2,2,6,3,8,3,7,6,6,5,8,10,1,8,10,7,6,4,7,9,6,2,9,5,5,6,2,6,2,9,4,2,1,8,6
Kaiden,10,2,9,3,9,6,4,8,4,2,10,3,7,10,1,8,6,2,5,2,9,1,9,6,1,2,6,2,1,4,6,4,5,6,4,7,9,10,7,2,2,4,10,6,3,6,2,7,4,7,7,2,5,9,9,5,6,4,6,8,6,1,1,1,10,1,7,9,3,6,1,1,2,1,2,8,7,7,2,7,1,3,3,10,6,8,9,9,10,9,3,7,6,4,7,2,6,1,6,2,9,1,7,2,3,8,8,2,8,7,5,10,1,9,1,10,7,4,9,2,7,2,8,3,6,5,6,10,4,2,10,2,2,10,4,1,4,9,7,7,2,5,8,2,6,1,2,6,2,8,3,4,9,7,2,2,2,3,9,10,5,10,4,9,1,10,4,6,4
Adriel,9,4,6,9,8,6,2,5,10,1,2,6,8,6,10,5,1,9,7,6,10,4,9,6,4,8,6,6,5,6,10,10,10,1,2,1,2,4,9,8,9,3,9,4,2,5,10,2,8,8,4,1,3,10,2,1,2,2,8,4,8,6,8,1,8,8,5,5,8,6,10,5,10,1,6,1,6,8,9,8,9,6,3,6,10,10,8,2,6,5,8,8,4,2,10,4,8,9,10,2,7,9,3,6,4,7,8,8,1,6,4,1,9,1,5,3,2,4,10,10,10,3,6,9,1,9,7,1,4,7,10,1,7,9,1,7,3,2,7,5,5,4,5,7,7,9,7,1,6,4,6,10,2,4,1,5,10,3,6,3,1,5,5,8,6,9,2,6,5
Gavin,4,3,9,4,4,6,2,2,10,8,9,5,1,5,4,3,6,5,1,1,2,2,4,2,10,4,6,4,1,3,4,2,5,6,8,3,9,8,2,3,6,10,7,5,2,5,8,5,6,9,5,4,9,2,8,2,4,1,3,2,6,7,6,4,3,10,8,7,1,4,9,1,6,4,5,1,8,9,8,7,8,6,10,3,4,2,5,4,4,3,4,9,6,10,4,8,3,8,4,10,9,2,5,8,10,3,8,1,2,10,6,2,7,5,10,5,10,4,7,1,6,2,9,5,3,2,9,1,4,10,6,7,7,2,10,2,7,6,8,1,1,3,10,8,10,6,10,8,10,1,4,3,9,1,6,9,7,8,5,1,8,5,7,5,5,8,5,6,9
Bentley,7,5,10,5,3,10,7,2,1,6,8,10,2,10,7,2,7,9,1,2,1,2,5,9,10,5,2,2,4,3,5,5,6,6,8,1,7,9,1,8,8,1,5,2,9,5,3,6,1,5,10,1,2,8,7,6,3,4,3,8,6,9,8,5,7,9,9,6,7,10,2,6,4,8,8,3,6,3,2,6,3,5,10,6,8,8,9,5,8,9,9,6,6,5,7,4,10,6,4,4,4,7,9,2,7,1,4,2,4,9,8,10,6,5,8,2,7,3,2,10,2,6,5,7,1,9,3,10,10,4,9,9,2,8,1,5,1,10,9,1,1,6,2,3,10,6,7,9,8,6,9,1,5,2,7,3,1,7,10,7,5,6,8,9,3,9,7,2,4
Calvin,10,7,9,9,3,7,2,8,10,2,4,6,1,1,9,8,9,6,5,3,1,9,5,4,3,9,8,6,2,7,4,7,8,1,8,8,9,1,6,9,8,2,2,6,4,2,4,6,9,6,5,10,9,3,6,6,8,1,7,1,10,2,4,8,2,9,2,3,3,10,9,9,4,10,3,9,2,7,2,5,9,7,3,2,6,4,2,7,5,3,3,6,8,4,8,3,2,4,1,10,10,1,8,1,2,8,3,8,4,9,8,8,7,10,1,2,8,2,3,10,2,5,10,4,6,9,6,3,2,6,9,4,4,8,2,5,7,9,4,1,4,5,8,6,8,10,6,7,10,6,3,4,9,9,8,4,8,10,3,10,1,2,5,1,5,5,2,10,9
Zion,6,8,10,3,4,8,8,8,9,8,2,7,4,5,9,2,10,10,3,2,6,10,3,3,7,3,3,9,9,8,2,9,10,6,2,8,9,2,4,6,10,9,10,4,4,9,4,4,3,2,3,6,1,9,3,6,8,5,5,6,6,1,4,2,4,4,5,2,8,7,4,9,3,10,10,5,7,6,5,4,2,10,9,4,7,7,7,6,5,8,8,10,8,3,5,8,6,6,7,8,3,10,10,2,5,8,7,1,9,4,3,4,8,4,8,5,3,8,2,9,6,2,9,9,2,6,2,8,10,9,5,6,4,4,4,1,2,2,6,10,5,4,5,5,6,10,6,4,5,8,4,9,7,2,8,10,5,3,1,4,7,1,7,2,5,10,3,4,4
Juan,6,6,8,1,5,5,5,2,7,2,1,6,5,1,2,10,4,8,3,10,10,1,4,3,2,3,2,1,2,5,5,1,2,1,4,5,5,5,5,10,2,6,6,9,10,7,3,3,9,2,6,3,3,10,2,8,6,4,2,6,7,10,4,8,7,2,6,1,2,5,1,7,5,10,5,2,6,9,8,9,2,4,10,5,6,1,1,9,8,5,6,4,1,4,1,7,5,8,6,4,3,7,6,6,3,1,2,4,5,8,10,7,7,8,5,2,3,7,1,6,9,5,6,4,5,3,1,7,6,1,4,7,1,8,2,8,10,4,8,10,10,3,7,4,7,5,6,10,10,2,4,6,8,4,7,7,6,5,8,5,6,2,7,4,8,5,5,9,3
Maxwell,4,3,2,5,2,1,9,10,4,5,7,3,6,9,7,10,7,9,8,2,1,2,10,4,10,10,7,3,4,8,1,5,9,5,10,6,2,5,10,4,9,5,3,6,4,3,1,3,3,9,6,6,4,4,1,2,2,5,1,7,1,1,9,4,10,6,5,6,9,2,2,9,9,3,8,5,9,7,5,8,4,8,1,9,2,5,2,1,4,5,6,4,10,8,3,5,1,2,7,8,8,10,8,8,5,5,5,5,7,3,5,8,2,10,6,10,5,3,5,7,5,3,5,8,10,8,7,2,6,1,5,10,2,3,10,7,2,7,8,9,10,2,6,2,6,5,4,6,3,2,2,2,4,10,10,7,1,6,3,6,2,4,7,1,8,6,3,9,3
Max,5,1,10,8,2,4,4,3,5,3,9,8,1,3,8,5,4,3,5,6,9,4,8,8,10,7,4,10,8,1,7,4,2,1,4,5,1,7,2,5,1,8,7,3,7,10,4,10,1,3,4,9,7,6,10,6,2,1,2,2,5,2,10,3,7,10,4,1,3,1,8,7,7,7,4,7,7,5,2,6,9,1,5,2,10,6,8,5,6,7,2,10,4,2,3,10,6,7,5,5,10,9,8,3,3,9,10,2,10,2,3,6,1,2,8,3,6,1,7,2,3,10,8,4,1,1,7,9,9,8,7,7,9,2,7,8,1,4,2,2,7,10,6,3,10,3,10,9,9,6,1,6,9,8,9,7,7,10,7,7,8,1,7,4,9,6,4,1,8
Ryker,6,8,10,4,5,7,7,6,5,9,5,9,4,3,1,1,7,10,1,5,10,2,8,6,4,1,10,2,10,3,6,8,8,7,7,1,1,5,6,8,6,1,8,10,7,4,3,7,8,8,7,8,2,8,10,10,4,9,6,10,8,8,6,10,9,1,8,7,9,1,3,7,4,6,8,10,1,2,4,8,5,3,7,10,7,10,3,8,6,5,10,6,3,8,9,8,10,7,2,6,2,1,6,2,8,2,3,10,4,2,8,6,4,9,2,2,5,7,5,3,7,10,9,6,5,5,6,5,2,10,4,5,8,2,7,3,3,3,1,2,10,1,2,3,2,1,7,6,2,3,7,9,9,1,4,5,1,9,6,5,1,10,4,4,7,7,4,8,4
Carlos,3,5,5,1,6,7,1,4,2,5,4,4,5,2,4,8,9,5,5,1,3,10,10,1,1,3,8,5,2,9,1,8,10,6,6,4,1,2,3,4,9,6,8,10,3,7,1,2,1,3,1,2,4,7,1,10,7,6,7,7,3,3,8,2,9,1,5,3,10,6,7,2,10,6,7,5,9,3,5,6,4,3,6,5,4,9,2,4,8,7,1,4,10,6,5,3,9,5,1,3,8,9,9,6,6,8,4,7,10,9,8,7,9,10,3,7,8,7,7,4,6,9,10,8,8,8,1,4,7,2,9,1,6,3,6,4,8,8,5,1,4,10,4,2,8,1,1,10,9,5,5,5,4,9,10,8,4,10,3,10,4,6,9,4,8,5,8,8,3
Emmanuel,4,4,2,4,6,5,9,7,3,2,3,3,9,5,10,9,5,7,8,10,2,9,9,3,10,3,3,6,8,5,3,3,9,1,9,6,3,5,10,9,8,3,5,3,3,6,9,5,10,1,4,4,9,4,5,6,10,6,7,7,5,5,4,9,3,4,4,7,6,1,6,8,4,9,1,2,10,6,1,8,8,7,6,3,7,7,7,10,7,5,5,5,4,8,7,7,5,3,7,8,10,4,6,5,3,1,3,7,1,1,1,10,1,1,8,9,10,6,8,2,10,8,1,4,2,10,5,8,8,3,8,7,7,1,9,2,2,3,2,2,3,2,7,4,8,3,2,5,10,1,7,2,3,1,8,2,4,1,9,4,10,2,10,3,8,1,9,8,8
Jayce,9,9,2,6,3,2,1,3,10,9,10,10,5,1,7,9,1,9,4,1,7,9,10,7,1,8,1,1,6,1,5,2,10,1,3,4,1,8,9,7,10,7,1,1,1,10,5,7,6,9,8,6,8,6,10,10,4,4,10,2,5,7,1,7,4,7,7,4,10,7,5,10,5,1,9,10,2,6,4,3,9,4,10,5,1,6,7,5,9,10,10,3,10,8,5,1,8,5,5,3,5,4,3,9,10,6,3,5,2,1,4,5,6,3,5,8,2,6,2,5,10,9,9,3,7,7,10,10,1,4,10,6,7,8,3,1,4,1,1,5,5,3,8,5,3,6,9,3,9,9,6,7,4,9,7,2,1,2,4,6,10,1,9,2,8,10,8,10,1
Lorenzo,1,7,8,8,9,5,6,7,6,1,4,9,10,3,1,8,9,3,7,9,5,6,2,4,9,8,9,2,9,10,5,3,1,2,7,4,8,1,7,8,3,4,3,1,9,9,3,3,10,9,3,8,4,8,3,7,8,2,9,9,5,9,6,2,6,3,1,5,3,8,6,4,3,7,4,10,5,3,4,4,6,2,2,5,10,8,3,4,10,8,4,10,10,8,10,4,9,6,6,10,7,3,10,8,10,4,7,9,1,4,1,1,10,2,6,8,6,3,5,5,10,2,1,3,4,7,3,1,2,1,6,5,5,10,1,7,6,10,4,6,7,7,7,3,6,5,7,5,1,8,9,8,9,3,1,1,4,9,10,7,10,6,4,1,2,1,6,9,8
Ivan,3,8,4,2,2,10,1,9,1,1,3,6,10,2,8,2,8,6,3,9,9,4,6,4,2,5,3,7,2,6,7,2,5,10,3,5,6,1,4,10,1,6,8,8,6,8,7,4,9,6,6,3,4,5,8,2,10,6,8,2,10,6,2,2,7,8,8,10,6,2,8,5,9,1,8,6,3,4,7,1,6,7,8,2,4,10,2,4,6,9,2,10,8,1,4,7,8,4,9,6,9,10,9,4,6,9,9,8,1,6,7,10,7,2,2,3,10,1,7,10,3,4,5,7,3,4,9,6,8,8,10,8,10,9,7,6,5,5,10,6,7,5,8,9,10,9,4,5,5,9,5,5,10,1,3,1,3,7,7,5,2,5,3,8,7,3,3,3,7
Jude,6,1,9,9,8,8,8,3,9,6,1,2,3,7,6,10,2,8,1,10,5,1,6,4,4,6,8,3,2,2,3,8,10,10,1,7,8,4,3,7,8,4,3,1,8,8,8,2,1,4,5,1,5,2,3,5,1,8,8,3,2,6,9,1,5,5,6,2,9,1,8,4,7,4,9,8,9,2,7,10,1,3,7,1,1,4,7,7,3,5,2,8,2,10,4,6,1,5,3,4,7,9,10,8,7,9,7,6,10,4,3,3,5,9,6,4,9,5,8,1,10,6,3,9,8,5,5,2,3,1,8,2,2,9,4,3,6,8,10,7,8,5,4,7,10,6,4,10,5,8,2,7,3,1,3,3,10,10,7,2,8,8,2,5,10,2,4,1,8
August,5,10,1,10,7,10,10,8,6,9,9,5,4,1,5,5,1,2,5,2,7,2,7,3,1,4,2,4,6,4,4,4,10,3,9,8,4,4,8,4,2,10,10,2,1,8,6,3,9,3,7,1,3,6,10,6,5,8,9,8,8,6,8,2,8,3,7,10,6,5,5,5,3,2,3,10,6,2,8,10,7,7,3,3,6,6,5,10,1,8,3,1,4,3,1,6,2,7,9,4,1,3,1,2,7,5,1,9,6,6,8,10,5,1,7,2,10,3,4,1,5,8,8,10,3,5,10,2,3,7,8,2,4,1,5,8,4,4,7,1,6,4,9,9,2,7,8,2,1,2,6,2,9,1,6,3,8,1,4,10,7,3,7,9,6,3,10,7,4
Kevin,7,1,7,10,6,2,5,1,7,9,9,5,6,3,6,1,2,9,2,4,7,5,6,7,10,2,7,8,2,3,3,9,4,1,5,6,10,4,8,2,4,1,10,3,6,10,2,8,8,1,10,4,2,4,8,8,1,5,9,4,3,4,6,2,2,6,1,5,6,4,10,7,6,4,3,8,1,6,10,2,8,9,10,1,1,8,7,4,1,6,2,2,9,10,10,6,3,2,10,8,1,8,5,2,3,5,3,1,8,1,3,5,9,4,9,9,10,1,3,6,6,1,2,7,3,10,3,2,6,5,1,6,9,9,1,5,9,1,1,7,8,6,2,2,3,6,4,6,6,8,2,6,6,8,10,9,7,5,5,5,4,9,2,10,8,5,2,1,9
Malachi,7,3,2,3,8,6,7,7,7,6,1,9,5,10,5,7,4,7,6,6,4,3,7,4,6,9,3,1,6,8,4,1,5,10,9,8,10,10,3,5,7,1,8,10,2,6,10,6,2,3,2,5,9,5,4,8,4,3,2,5,5,10,10,1,8,4,7,9,7,8,9,4,2,10,9,2,2,3,3,6,6,9,8,4,1,9,2,4,6,7,4,3,3,6,9,9,4,2,2,1,3,3,8,9,10,8,3,7,9,5,5,1,1,3,1,9,7,4,2,3,2,8,10,4,10,6,6,6,1,6,4,4,1,9,8,10,3,9,5,2,1,9,9,5,2,6,8,10,7,2,2,4,6,6,4,10,10,6,8,7,9,7,1,7,6,3,4,2,7
Elliott,6,2,6,7,6,9,5,7,1,8,7,4,4,1,1,9,3,10,4,1,3,3,6,7,9,7,9,4,10,9,7,5,9,10,2,8,5,2,5,1,7,10,1,2,4,5,1,2,3,10,6,5,10,6,9,4,6,2,2,10,8,10,1,7,2,7,10,8,3,7,2,6,2,7,10,10,3,8,8,10,8,2,4,10,8,7,8,1,3,1,2,2,9,9,5,2,5,1,7,6,5,10,7,6,5,4,6,2,8,9,6,9,2,6,10,3,9,10,3,10,4,1,9,9,6,8,1,6,8,8,9,1,7,1,1,8,9,2,6,3,1,1,6,8,1,4,5,9,10,6,6,3,9,7,3,5,9,3,5,10,3,7,4,9,10,2,3,3,10
Rhett,3,1,10,4,10,1,8,8,1,7,2,7,7,2,6,9,10,6,8,8,7,2,5,1,5,8,1,2,5,1,9,8,9,6,2,4,1,4,2,10,1,9,8,3,4,6,8,9,6,5,1,2,9,2,2,10,3,5,4,3,1,6,9,10,6,2,9,4,5,8,3,3,8,6,5,4,10,10,5,6,10,5,1,5,6,10,4,7,3,4,1,3,4,9,6,6,4,9,10,9,9,4,4,2,10,2,7,8,8,2,4,7,9,9,9,2,5,7,5,2,3,7,7,3,2,1,10,7,3,5,8,3,9,1,2,8,6,8,9,9,1,6,7,9,3,3,4,8,5,10,5,7,5,5,10,6,8,5,9,8,8,7,10,3,7,3,2,10,6
Archer,10,5,2,9,8,4,2,1,6,7,7,4,5,2,7,6,10,1,6,5,9,7,2,6,4,3,3,6,5,6,4,2,7,5,3,7,2,3,6,8,8,10,9,4,5,6,7,4,10,6,1,2,7,9,7,6,7,3,4,1,6,7,7,6,1,7,5,2,5,1,10,8,1,10,10,8,3,8,7,1,1,8,3,9,10,2,1,2,3,10,3,9,10,5,10,8,10,2,3,6,4,3,8,5,8,1,7,4,1,7,2,4,5,3,2,7,3,9,4,4,7,10,5,7,1,8,4,4,9,5,8,1,5,6,10,9,5,1,5,8,9,6,7,3,10,2,2,7,10,3,8,5,6,4,7,5,4,4,5,9,8,1,7,6,7,2,3,6,3
Karter,2,9,2,8,9,3,3,8,9,4,3,2,1,1,6,3,1,10,2,2,1,10,7,7,9,8,1,10,3,3,3,1,2,7,10,7,8,10,2,5,5,6,9,8,4,1,5,7,2,9,4,9,2,9,8,7,6,2,9,7,1,8,1,3,1,1,5,3,9,6,2,5,4,1,7,1,5,1,9,8,9,9,4,2,1,5,1,2,2,6,8,8,9,2,2,5,8,5,1,6,8,5,7,2,6,3,3,8,1,7,1,2,5,9,4,4,2,7,1,9,8,6,4,8,10,8,8,1,4,6,9,3,3,9,6,9,9,2,9,1,10,5,10,7,4,6,9,2,8,7,2,2,5,8,4,6,6,2,10,2,5,7,3,5,3,1,9,10,1
Arthur,8,10,8,6,9,8,2,6,3,7,8,5,3,7,3,6,3,1,5,4,10,4,9,4,5,9,1,5,1,5,6,6,2,5,3,8,1,7,5,9,3,7,6,10,7,3,10,3,2,9,10,10,6,7,5,2,8,9,10,10,2,6,7,5,1,9,6,7,9,9,10,7,10,6,6,10,7,3,1,4,5,2,3,10,3,9,5,9,1,4,10,7,10,6,4,7,3,3,9,1,3,5,10,1,8,5,7,5,9,2,6,9,6,2,5,5,10,10,10,8,6,8,10,5,7,3,1,10,8,6,9,8,7,7,4,1,4,1,2,4,10,7,6,5,3,6,8,10,10,8,1,6,7,4,9,4,2,2,4,2,4,10,7,7,5,1,1,1,5
Luka,3,6,6,8,8,3,3,3,8,5,9,6,5,7,7,9,10,10,8,7,9,10,3,2,9,6,8,2,6,4,8,6,2,2,9,3,9,7,10,5,5,7,1,4,9,5,3,9,7,5,3,3,7,3,6,7,3,2,8,1,10,3,2,8,5,2,4,7,4,8,5,8,1,2,4,8,4,3,7,5,5,1,3,6,4,5,5,1,5,8,8,8,8,3,8,7,1,3,1,1,7,1,8,9,2,8,9,2,6,9,2,10,5,9,3,7,3,6,2,8,3,6,6,10,10,9,4,3,4,7,8,3,4,3,8,2,2,8,1,1,4,1,6,5,5,4,6,1,3,3,4,4,9,3,1,6,1,1,6,9,9,4,1,7,10,8,8,3,1
Elliot,7,2,10,8,8,7,2,2,7,10,2,4,4,6,2,7,7,1,6,5,5,1,3,4,2,4,8,2,1,4,5,3,5,10,4,2,5,1,7,3,8,3,9,9,1,2,8,9,2,5,10,2,1,5,10,5,5,4,5,3,7,7,8,8,8,1,9,5,7,5,5,3,1,1,1,1,6,9,7,8,4,10,6,1,1,6,1,5,1,6,3,4,3,5,2,7,3,2,3,5,9,5,4,9,1,4,3,4,10,9,1,10,1,1,3,8,6,7,8,2,9,6,4,7,4,9,6,9,1,7,5,6,6,9,9,7,10,9,3,8,5,1,4,2,8,4,2,5,5,10,7,3,9,7,2,7,2,4,9,5,8,7,3,8,3,6,9,2,1
Thiago,10,9,9,8,6,4,10,2,10,3,4,6,8,6,1,8,6,2,10,1,7,3,2,4,6,8,9,1,6,3,3,9,6,9,5,8,5,9,8,5,3,6,7,5,6,8,1,9,6,9,6,5,3,10,3,2,9,2,5,1,2,10,3,5,6,10,7,10,2,10,2,9,1,1,3,6,3,7,7,3,10,2,7,3,10,1,8,8,2,4,5,9,3,3,10,2,1,10,2,1,4,6,9,9,4,6,9,5,8,6,6,10,5,6,1,4,1,6,4,5,1,6,3,5,9,2,4,7,4,9,10,3,10,1,10,4,5,4,1,5,3,2,5,6,4,5,8,5,6,1,4,7,8,3,4,7,7,4,8,2,1,10,7,2,9,1,10,4,2
Brandon,2,2,5,9,6,5,5,8,10,4,2,6,4,7,5,4,9,4,5,9,10,4,5,10,4,6,5,3,8,9,6,6,2,8,4,8,3,9,1,5,4,6,2,9,2,8,5,3,6,9,6,3,1,6,1,5,1,5,2,6,2,7,1,2,1,4,4,9,6,7,10,8,10,9,3,4,3,8,10,8,2,3,7,8,7,9,1,3,2,4,10,6,4,8,9,1,2,5,1,7,10,6,8,9,1,1,6,1,7,2,3,10,8,3,8,7,6,8,1,10,2,7,4,6,10,2,5,7,10,6,2,3,7,3,2,1,5,6,5,7,5,5,9,8,9,3,8,1,1,4,3,8,3,8,1,9,9,1,10,7,3,4,2,7,10,4,4,4,1
Camden,6,4,1,3,7,4,8,9,7,1,2,3,5,4,1,2,4,1,3,9,2,1,10,7,3,3,4,3,3,7,5,8,6,10,4,3,6,9,10,3,3,7,2,1,3,4,8,10,3,10,4,5,2,6,1,6,7,9,6,2,2,10,5,4,10,10,1,3,2,2,6,6,6,1,2,10,5,1,3,1,10,9,8,4,8,7,9,1,9,4,9,9,3,9,9,7,10,3,8,10,4,4,10,1,5,5,7,9,4,5,4,4,1,2,3,8,1,8,6,1,9,9,3,7,8,4,10,2,8,6,1,1,6,10,1,9,8,8,4,3,6,6,8,3,1,1,7,9,7,8,9,8,10,8,2,8,9,5,4,5,5,8,1,3,9,9,6,1,10
Justin,4,9,2,4,3,3,7,10,1,7,10,4,5,4,5,2,4,7,10,8,9,9,4,9,6,6,4,4,3,1,10,7,7,9,8,8,4,6,3,9,1,7,8,8,9,8,7,9,2,3,4,4,9,6,3,8,7,9,10,6,10,3,1,1,4,8,7,1,3,8,10,2,9,7,10,1,10,10,1,1,5,8,2,4,10,10,1,4,6,1,4,8,4,7,7,2,10,2,10,4,2,6,7,4,8,2,9,4,2,1,3,5,10,4,1,1,5,10,5,3,6,8,5,2,8,8,4,8,5,6,9,3,7,9,5,3,7,4,9,3,5,4,3,6,10,7,5,8,10,1,8,4,6,4,1,4,5,9,1,3,3,3,8,4,3,6,8,9,10
Jesus,2,9,5,6,1,10,3,7,9,8,10,6,2,10,1,2,4,4,2,2,10,4,9,4,4,8,4,9,9,9,8,8,7,2,1,1,5,6,9,1,10,3,1,7,8,1,4,4,7,8,5,6,9,9,10,2,6,2,3,9,5,1,2,7,10,5,8,10,10,9,7,6,3,4,2,7,9,8,9,1,2,6,10,3,7,8,8,4,2,8,7,3,3,7,4,6,2,8,10,9,7,5,2,1,4,8,5,3,4,3,3,7,7,5,5,6,8,6,2,6,10,7,3,6,3,6,7,2,10,2,6,4,5,2,5,10,5,3,2,7,4,3,8,2,3,4,5,10,5,8,10,5,4,2,8,8,3,9,1,9,5,8,6,2,1,1,8,3,3
